"1","Sht Butter Solids Pjr","150","9","N,"N
"2","Sht Margarine Smart Ba","4383","9","N,"N
"3","Aptzr Mozzarella Stick","167","9","N,"N
"4","Cheese Block Cheddar Y","1795","9","N,"N
"5","Cheese Ched Mild Wht S","159","9","N,"N
"6","Cheese Ched Sharp Yel","1997","9","N,"N
"7","Cheese Cheddar Jack Sh","154","9","N,"N
"8","Cheese Cottage Low Fat","1513","9","N,"N
"9","Cheese Cream Block Cas","3340","9","N,"N
"10","Cheese Cream Cheese Lo","2292","9","N,"N
"11","Cheese Cream Spreadable","1516","9","N,"N
"12","Cheese Feta Chunk Pjr","160","9","N,"N
"13","Cheese Feta Crumbles P","3624","9","N,"N
"14","Cheese Gorgonzola Crum","3654","9","N,"N
"15","Cheese Mont Jack Shred","164","9","N,"N
"16","Cheese Monterey Jack P","1768","9","N,"N
"17","Cheese Mozzarella Fizz","1039","9","N,"N
"18","Cheese Mozzarella Fresh","1256","9","N,"N
"19","Cheese Muenster Pjr","168","9","N,"N
"20","Cheese Parmesan Pjr","169","9","N,"N
"21","Cheese Parmesan Shredd","3695","9","N,"N
"22","Cheese Part Skim Ricot","1518","9","N,"N
"23","Cheese Pepper Jack","888","9","N,"N
"24","Cheese Swiss Pjr","171","9","N,"N
"25","Kosher Blintz Cheese P","184","9","N,"N
"26","Vgn Cheese Spo Soy Par","2984","9","N,"N
"27","Cream 1/2 & 1/2 Quart","2176","9","N,"N
"28","Cream Heavy","1506","9","N,"N
"29","Cream Light 1/2 Gals","2885","9","N,"N
"30","Cream Light Quart","1507","9","N,"N
"31","Cream Sour","1515","9","N,"N
"32","Cream Whipped","1519","9","N,"N
"33","Creamer French Vanilla Pi","2205","9","N,"N
"34","Creamer Irish Creme Pint","4087","9","N,"N
"35","Topping Whipped Trans Zero","1189","9","N,"N
"36","Whipped Topping Pjr","182","9","N,"N
"37","Avail Spring 2014 Ic Tub","2346","9","N,"N
"38","Ic Tub Cookies & Cream","1417","9","N,"N
"39","Ic Tub French Vanilla","1424","9","N,"N
"40","Ic Tub Maine Camp Coffee","1416","9","N,"N
"41","Ic Tub Muddy Bean Boots","3946","9","N,"N
"42","Ic Tub N/A Until April 2","4114","9","N,"N
"43","Ic Tub Old Fashioned Van","1400","9","N,"N
"44","Ic Tub Pink Peppermint S","1430","9","N,"N
"45","Ic Tub Strawberry","4436","9","N,"N
"46","Ic Tub Swiss Chocolate","3951","9","N,"N
"47","Ic Tub Wicked Chocolate","1492","9","N,"N
"48","Ic Tub Wild Blueberry","1409","9","N,"N
"49","Na Fall 14 Ic Tub Pumpki","3173","9","N,"N
"50","Sherbet Rainbow Bulk","1453","9","N,"N
"51","Bev Rice Milk Original","120","9","N,"N
"52","Bev Vgn Soy Milk Choc","792","9","N,"N
"53","Bev Vgn Soy Milk Extra","286","9","N,"N
"54","Bev Vgn Soy Milk Van B","2242","9","N,"N
"55","Buttermilk Half Gallon","4254","9","N,"N
"56","Eggnog","1511","9","N,"N
"57","Milk .5% Skim Bag-In Box","1502","9","N,"N
"58","Milk 2% Bag-In-Box","1500","9","N,"N
"59","Milk Chocolate Lowfat Bib","1504","9","N,"N
"60","Milk Lactose Free 100% Qu","2307","9","N,"N
"61","Milk Whole 1/2 Gal","1590","9","N,"N
"62","Yogurt Greek Vanilla P","2531","9","N,"N
"63","Yogurt Non Fat Plain B","2588","9","N,"N
"64","Yogurt Strawberry Nf B","2366","9","N,"N
"65","Yogurt Vanilla Lowfat","2365","9","N,"N
"66","Fr Apples Sliced Cnd P","616","9","N,"N
"67","Fr Applesauce Pjr","615","9","N,"N
"68","Pro Apple Empire","944","9","N,"N
"69","Pro Apple Gala Case","1316","9","N,"N
"70","Pro Apple Golden Deliciou","988","9","N,"N
"71","Pro Apple Granny Smith Cs","902","9","N,"N
"72","Pro Apple Mac/Paula/Fuji","900","9","N,"N
"73","Pro Apple Red Delicious Cs","901","9","N,"N
"74","Fr Apricots Dried Pjr","3623","9","N,"N
"75","Pro Avocados Ripe Haas C","3997","9","N,"N
"76","Pro Banana Petite Turning","903","9","N,"N
"77","Pro Banana Turning 10#","1438","9","N,"N
"78","Pro Bananas Petite Ripe","1962","9","N,"N
"79","Fr Blueberries Wild Ma","707","9","N,"N
"80","Fr Cranberries Dried P","3662","9","N,"N
"81","Fr Cranberry Sweetened","564","9","N,"N
"82","Fr Strawberries Sl Frz","711","9","N,"N
"83","Pro Blackberries Flat","4356","9","N,"N
"84","Pro Blueberries","947","9","N,"N
"85","Pro Raspberries Flat","1534","9","N,"N
"86","Pro Strawberries Fresh","940","9","N,"N
"87","Pro Cantaloupes 15 Ct Ca","907","9","N,"N
"88","Fr Cherry Maraschino H","623","9","N,"N
"89","Fr Cherry Maraschino W","617","9","N,"N
"90","Fr Fruit Cocktail Pjr","621","9","N,"N
"91","Pro Salad Fowler Fruit M","1695","9","N,"N
"92","Pro Grapefruit Pink Case","912","9","N,"N
"93","Pro Grapes Green Thompson","914","9","N,"N
"94","Pro Grapes Red Seedless Cs","913","9","N,"N
"95","Pro Honeydew Case","915","9","N,"N
"96","Pro Kiwi Case","961","9","N,"N
"97","Pro Lemons Case","917","9","N,"N
"98","Pro Limes Case","1589","9","N,"N
"99","Fr Mango Halves Iqf","920","9","N,"N
"100","Fr Mandarin Oranges Pjr","2541","9","N,"N
"101","Pro Clementines Case","1384","9","N,"N
"102","Pro Oranges Navel 88S Cs","922","9","N,"N
"103","Pro Tangerines","976","9","N,"N
"104","Fr Peaches Frzn Sliced","763","9","N,"N
"105","Fr Peaches Sliced Pjr","625","9","N,"N
"106","Pro Peaches","990","9","N,"N
"107","Fr Pears Halved Pjr","626","9","N,"N
"108","Pro Pear 100Ct Bartlet","924","9","N,"N
"109","Pro Pear Anjou/Bartlet 1","925","9","N,"N
"110","Fr Pineapple Chunks Pjr","627","9","N,"N
"111","Fr Pineapple Crushed P","628","9","N,"N
"112","Fr Pineapple Sliced Pjr","629","9","N,"N
"113","Pro Pc Pineapple Chunks","1679","9","N,"N
"114","Pro Pineapple Crownless","2491","9","N,"N
"115","Pro Pineapple Golden 6-7","1813","9","N,"N
"116","Fr Plantain Sliced Iqf","4375","9","N,"N
"117","Pro Plantains Green","3763","9","N,"N
"118","Pro Plantains Ripe","1684","9","N,"N
"119","Fr Pumpkin Cnd Pjr","630","9","N,"N
"120","Fr Raisins Bulk Pack P","631","9","N,"N
"121","Fr Raisins Retail Pk P","1977","9","N,"N
"122","Pro Watermelon Seedless","1814","9","N,"N
"123","Pro Watermelon Seedless","3859","9","N,"N
"124","Bagel Dianas Blueberry Sl","2100","9","N,"N
"125","Bagel Dianas Cinn Raisin","2102","9","N,"N
"126","Bagel Dianas Everything S","2106","9","N,"N
"127","Bagel Dianas Onion Sliced","2114","9","N,"N
"128","Bagel Dianas Plain Sliced","2116","9","N,"N
"129","Bagel Dianas Poppy Seed S","2118","9","N,"N
"130","Bagel Dianas Sesame Sliced","2122","9","N,"N
"131","Bagel Dianas Whole Wheat","2127","9","N,"N
"132","Bagel Plain Presliced","777","9","N,"N
"133","Gf Bagel Plain Ind Wra","4271","9","N,"N
"134","Grain Barley Pearled P","690","9","N,"N
"135","Vg Beans Great Northern","1966","9","N,"N
"136","Ap Bread White Club Fr","2149","9","N,"N
"137","Bread 100% Whole Wheat","1327","9","N,"N
"138","Bread 2# Pumpernickel Sl","2138","9","N,"N
"139","Bread Biscuit Buttermi","1174","9","N,"N
"140","Bread Country White","2751","9","N,"N
"141","Bread Croissants 2.5 O","672","9","N,"N
"142","Bread Crumbs Spo Vegan","1278","9","N,"N
"143","Bread Dianas 3# Rye Slic","4426","9","N,"N
"144","Bread Dianas Lite Wheat","1331","9","N,"N
"145","Bread Dianas Rye 2# Sq S","2142","9","N,"N
"146","Bread English Muffins","1318","9","N,"N
"147","Bread French Toast Sti","179","9","N,"N
"148","Bread Italian Seeded","2750","9","N,"N
"149","Bread Potato Freihofer","1599","9","N,"N
"150","Bread Raisin","1309","9","N,"N
"151","Bread Rye Seeded Soft","1303","9","N,"N
"152","Bread Slider Roll 1.5","1373","9","N,"N
"153","Bread Sourdough Sliced","2727","9","N,"N
"154","Bread Split Wheat","1354","9","N,"N
"155","Bread Stub White","1301","9","N,"N
"156","Bread Texas Toast","1306","9","N,"N
"157","Crumbs Bread Pjr","400","9","N,"N
"158","Gf Bread Whole Grain U","2208","9","N,"N
"159","Gf Roll Hamburg Pjr","4287","9","N,"N
"160","Roll 4"" Seeded Hamburger","1337","9","N,"N
"161","Roll Grinders 6"" (Dozen)","9211","9","N,"N
"162","Roll Grinders Wheat 6"" (Dozen)","9212","9","N,"N
"163","Roll Hamburger","1310","9","N,"N
"164","Roll Hard Roll Large (Dozen)","9062","9","N,"N
"165","Roll Hot Dog Foot Long","1341","9","N,"N
"166","Roll Hot Dog N.England","1311","9","N,"N
"167","Roll Onion Sandwich (Dozen)","9250","9","N,"N
"168","Roll Poppyseedhard Roll (Doz)","9063","9","N,"N
"169","Roll Sesame Seed Hard Roll (Do","9064","9","N,"N
"170","Cornmeal Pjr","403","9","N,"N
"171","Con Croutons Multigran","410","9","N,"N
"172","Cracker Oyster PcS Pjr","2526","9","N,"N
"173","Cracker Ritz Pjr","406","9","N,"N
"174","Crumbs Ritz Cracker Br","2607","9","N,"N
"175","Cone Ice Cream Sugar W","1517","9","N,"N
"176","Donut Cake Apple Cider","3102","9","N,"N
"177","Donut Cake Assorted","1540","9","N,"N
"178","Donut Cake Blueberry","1935","9","N,"N
"179","Donut Cake Chocolate","1875","9","N,"N
"180","Donut Cake Coco Plain","1870","9","N,"N
"181","Donut Cake Honeydew","1955","9","N,"N
"182","Donut DianaS Cake Asst","2093","9","N,"N
"183","Donut DianaS Cake Plain","1469","9","N,"N
"184","Donut Filled Apple","3104","9","N,"N
"185","Donut Filled Assorted","2086","9","N,"N
"186","Donut Filled Boston Cream","1833","9","N,"N
"187","Donut Filled Jelly Plain","1847","9","N,"N
"188","Donut Filled Jelly Powder","3494","9","N,"N
"189","Donut Raised Assorted","2087","9","N,"N
"190","Donut Raised Choc Covered","1823","9","N,"N
"191","Donut Raised Choc Cvrd Sr","1819","9","N,"N
"192","Donut Raised Honey Dipped","1805","9","N,"N
"193","Fritter Apple","2073","9","N,"N
"194","Gf Muffin Blueberry Iw","4269","9","N,"N
"195","Pie Cheesecake Sara Le","2304","9","N,"N
"196","Pudding Instant Chocol","588","9","N,"N
"197","Pudding Instant Vanill","591","9","N,"N
"198","Roll Cinn Pan/Bake Kar","3004","9","N,"N
"199","Crust Pizza 16"" Reg Lc","2730","9","N,"N
"200","Crust Pizza 7* RichS","2746","9","N,"N
"201","Dough Puff Pastry Shee","679","9","N,"N
"202","Gf Cookie Chocolate Ch","4270","9","N,"N
"203","Flour All Purpose Pjr","412","9","N,"N
"204","Lo Mein Noodle Wide","2337","9","N,"N
"205","Noodles Chow Mein Pjr","385","9","N,"N
"206","Noodles, Lo Mein, Amoy","2262","9","N,"N
"207","Pas Gnocchi W/Pot/Rico","1055","9","N,"N
"208","Pas Manicotti W/ Cheese","192","9","N,"N
"209","Pas Ravioli Vegan Vgn","196","9","N,"N
"210","Pas Ravioli W/ Meat Pjr","84","9","N,"N
"211","Pas Ravioli W/Cheese P","197","9","N,"N
"212","Pas Stuffed Shells Che","198","9","N,"N
"213","Pas Tortellini Cheese","200","9","N,"N
"214","Pasta Bow Tie Pjr","696","9","N,"N
"215","Pasta Cavatappi","2011","9","N,"N
"216","Pasta Ditalini Pjr","1377","9","N,"N
"217","Pasta Elbow Macaroni P","697","9","N,"N
"218","Pasta Lasagna Sheets P","382","9","N,"N
"219","Pasta Linguini Pjr","384","9","N,"N
"220","Pasta Orechiette Pjr","2329","9","N,"N
"221","Pasta Orzo Pjr","687","9","N,"N
"222","Pasta Penne Pjr","714","9","N,"N
"223","Pasta Penne Whole Whea","710","9","N,"N
"224","Pasta Radiatore Pjr","2796","9","N,"N
"225","Pasta Rigatoni Pjr","686","9","N,"N
"226","Pasta Rotini Pjr","392","9","N,"N
"227","Pasta Shell Macaroni P","395","9","N,"N
"228","Pasta Spaghetti Pjr","396","9","N,"N
"229","Pasta Spo Spaghetti Wh","2717","9","N,"N
"230","Pasta Wide Noodles Pjr","387","9","N,"N
"231","Pasta Ziti Pjr","398","9","N,"N
"232","Pita Greek Folds 7 Pjr","676","9","N,"N
"233","Pita Pocket White Pjr","678","9","N,"N
"234","Pretzel Soft Bake King","2018","9","N,"N
"235","Roll Pretzel Bavarian","3950","9","N,"N
"236","Rice Arborio Pjr","2411","9","N,"N
"237","Rice Basmati Pjr","1859","9","N,"N
"238","Rice Brown Pjr","389","9","N,"N
"239","Rice Garden Wild Pjr","2231","9","N,"N
"240","Rice White Pjr","390","9","N,"N
"241","Vgn Soy Rice Tempeh Pjr","37","9","N,"N
"242","Chip Tortilla Pjr","331","9","N,"N
"243","Tortilla Flour 10* Pjr","2701","9","N,"N
"244","Tortilla Flour 6*Frzn","683","9","N,"N
"245","Tortilla Taco Shells P","681","9","N,"N
"246","Waffles Belgian Pjr","1345","9","N,"N
"247","Waffles Pjr","684","9","N,"N
"248","Wrap Garlic & Herb Tor","3010","9","N,"N
"249","Wrap Jalapeno 12"" Pjr","3040","9","N,"N
"250","Wrap Tomato Basil 12""","2726","9","N,"N
"251","Wrap Whole Wheat 12"" P","2720","9","N,"N
"252","Beef Roast Beef Shaved","9216","9","N,"N
"253","Beef/Pork Salami Sliced","9217","9","N,"N
"254","Bologna Sliced Pjr","9219","9","N,"N
"255","Cheese American 160 Ct","153","9","N,"N
"256","Cheese Cheddar Presliced","9237","9","N,"N
"257","Cheese Mont Jack Preslic","9238","9","N,"N
"258","Cheese Provolone Preslic","9236","9","N,"N
"259","Cheese Swiss Presliced","9235","9","N,"N
"260","Ham Shaved Pjr","9214","9","N,"N
"261","Pepperoni Sliced 2#Pkg Pjr","9218","9","N,"N
"262","Turkey Shaved Pjr","9213","9","N,"N
"263","Turkey Smoked Shaved 5#Pjr","9215","9","N,"N
"264","Base Beef Custom Gold","47","9","N,"N
"265","Beef 5 Oz Burger Fresh","2773","9","N,"N
"266","Beef Barbacoa","6","9","N,"N
"267","Beef Bottom Round Flat","1547","9","N,"N
"268","Beef Brisket Flat Choic","290","9","N,"N
"269","Beef Burger 3.2 Oz Frz","2805","9","N,"N
"270","Beef Burger 4 Oz Pjr","536","9","N,"N
"271","Beef Burger Flm Brld C","3195","9","N,"N
"272","Beef Chuck Teres Major","3806","9","N,"N
"273","Beef Corned Beef Hash","29","9","N,"N
"274","Beef Corned Ckd Pjr","5","9","N,"N
"275","Beef Corned Raw Deli B","1471","9","N,"N
"276","Beef Cushion Cut 3/4""","26","9","N,"N
"277","Beef Genoa Salami Pjr","119","9","N,"N
"278","Beef Ground Bulk Namp 1","7","9","N,"N
"279","Beef Hot Dog 10"" Sknls","41","9","N,"N
"280","Beef Hot Dog 8/Lb Sknls","2313","9","N,"N
"281","Beef Julienne Pieces.","18","9","N,"N
"282","Beef Julienne Strips P","2331","9","N,"N
"283","Beef Pastrami","12","9","N,"N
"284","Beef Pepperoni Sandwic","2397","9","N,"N
"285","Beef Pepperoni Sliced","17","9","N,"N
"286","Beef Pigs In Blanket P","281","9","N,"N
"287","Beef Shaved Steak Pjr","36","9","N,"N
"288","Beef Slider Patty Pjr","1646","9","N,"N
"289","Beef Strip Loin Pjr","1850","9","N,"N
"290","Beef Top Round Xt Namp","40","9","N,"N
"291","Beef/Pork Meatball Min","1845","9","N,"N
"292","Base Chicken Custom Go","46","9","N,"N
"293","Chicken 1/2"" Dcd Pjr","1565","9","N,"N
"294","Chicken 4 Oz Brd Fille","58","9","N,"N
"295","Chicken 40Z Bnls Colem","51","9","N,"N
"296","Chicken Breast 1/2 No","2314","9","N,"N
"297","Chicken Breast 3 Oz Bn","79","9","N,"N
"298","Chicken Brst Chunk Tem","4419","9","N,"N
"299","Chicken Brst Strip Brd","2513","9","N,"N
"300","Chicken Drumsticks Pjr","2437","9","N,"N
"301","Chicken Nuggets Pjr","802","9","N,"N
"302","Chicken Pieces Random","2413","9","N,"N
"303","Chicken Pulled $Pjr","2683","9","N,"N
"304","Chicken Roasted Breast","1701","9","N,"N
"305","Chicken Sweet Potato B","1717","9","N,"N
"306","Chicken Tender Dusted","1659","9","N,"N
"307","Chicken Tenders Brd Pjr","68","9","N,"N
"308","Chicken Thigh Boneless","3199","9","N,"N
"309","Chicken Wings Precooke","71","9","N,"N
"310","Pou Chic Thigh Bnls_Skn","2887","9","N,"N
"311","Egg Egg Whites Refrige","2941","9","N,"N
"312","Egg Fresh In Shell 30","173","9","N,"N
"313","Egg Table Ready Pjr","1601","9","N,"N
"314","Base Pork Pjr","2591","9","N,"N
"315","Pork & Beef Corn Dog B","2438","9","N,"N
"316","Pork Bacon Crumbles 3/","87","9","N,"N
"317","Pork Bacon Quick Finis","1006","9","N,"N
"318","Pork Bacon Strips Appl","89","9","N,"N
"319","Pork Bratwurst Guinness","4095","9","N,"N
"320","Pork Butt Pjr","2837","9","N,"N
"321","Pork Capicola Pjr","1259","9","N,"N
"322","Pork Carver Ham Pjr","111","9","N,"N
"323","Pork Ham Virginia Pjr","95","9","N,"N
"324","Pork Ital Saus Swt Bulk","107","9","N,"N
"325","Pork Ital Saus Swt Link","104","9","N,"N
"326","Pork Kielbasa Dogs Pjr","2790","9","N,"N
"327","Pork Kielbasa Ring Pjr","43","9","N,"N
"328","Pork Loin Roast Pjr","99","9","N,"N
"329","Pork Rib Spare 3 Pc Pjr","3973","9","N,"N
"330","Pork Sausage Andouille","81","9","N,"N
"331","Pork Sausage Chorizo P","91","9","N,"N
"332","Pork Sausage Crumbles","102","9","N,"N
"333","Pork Sausage Links Prc","1920","9","N,"N
"334","Pork Sausage Patty Ckd","106","9","N,"N
"335","Pork Sausage Slcd Prec","3021","9","N,"N
"336","Pork/Beef Meatball 1 0","2747","9","N,"N
"337","Pork/Beef Meatball 1/2","1486","9","N,"N
"338","Ash Cod Loin 4 Oz Pjr","127","9","N,"N
"339","Base Seafood Pjr","2318","9","N,"N
"340","Fish Catfish Filets Pjr","2317","9","N,"N
"341","Fish Clam Strips Brd P","122","9","N,"N
"342","Fish Clams Minced Frzn","123","9","N,"N
"343","Fish Cod Brd 3 Oz Pjr","125","9","N,"N
"344","Fish Cod Btro Raw Eng","3793","9","N,"N
"345","Fish Cod Sticks Brd Pjr","101","9","N,"N
"346","Fish Crab Imitation Pjr","136","9","N,"N
"347","Fish Pang 2 Oz Ale Hse","1792","9","N,"N
"348","Fish Pang 4 Oz South 10#Cs","4336","9","N,"N
"349","Fish Pangasius Filet 15#Cs","612","9","N,"N
"350","Fish Pollock Krunchy L","147","9","N,"N
"351","Fish Pollock Loin Pjr","165","9","N,"N
"352","Fish Pollock Pier 17 L","73","9","N,"N
"353","Fish Pollock Wge Beer","2168","9","N,"N
"354","Fish Salmon 4 Oz Skin-","1797","9","N,"N
"355","Fish Salmon Burgers 3.","134","9","N,"N
"356","Fish Scallops 40/60 Ct","135","9","N,"N
"357","Fish Scallops Brd 30/4","1676","9","N,"N
"358","Fish Shrimp 71/90 P&D","575","9","N,"N
"359","Fish Shrimp Butterfly","3467","9","N,"N
"360","Fish Shrimp Popcorn Pjr","3012","9","N,"N
"361","Fish Smoked Salmon Pjr","133","9","N,"N
"362","Fish Sole Filet Pjr","140","9","N,"N
"363","Fish Tuna Pouch Pack P","143","9","N,"N
"364","Fish Tuna Steak 4 Oz P","1023","9","N,"N
"365","Fish Tura 3-5 Oz Iq","2804","9","N,"N
"366","Spo Base Clam Pjr","432","9","N,"N
"367","Base Turkey Pjr","2070","9","N,"N
"368","Turkey Breast Roast Ra","76","9","N,"N
"369","Turkey Burger Pjr","1784","9","N,"N
"370","Turkey Ground Pjr","1279","9","N,"N
"371","Turkey Pulled White Pjr","2069","9","N,"N
"372","Turkey Sausage Links P","82","9","N,"N
"373","Veg Burger Spo Boca A","996","9","N,"N
"374","Veg Garden Patties Pjr","191","9","N,"N
"375","Vgn Beef Veggie Strips","4370","9","N,"N
"376","Vgn Burger Black Bean","1461","9","N,"N
"377","Vgn Burgers Dr Praeger","879","9","N,"N
"378","Vgn Chicken Veggie Str","4371","9","N,"N
"379","Vgn Malibu Burger Orga","576","9","N,"N
"380","Vgn Tofu Extra Firm Mo","2241","9","N,"N
"381","Vgn Vegan Burger Crumb","1769","9","N,"N
"382","Vgn Vegan Cutlet Brd P","2916","9","N,"N
"383","Vgn Vegan Sesame Nugge","2838","9","N,"N
"384","Lg Artichoke Hearts Pjr","634","9","N,"N
"385","Pro Baby Arugula","3653","9","N,"N
"386","Pro Asparagus Fresh Cs","1657","9","N,"N
"387","Vgf Asparagus Cuts & T","2023","9","N,"N
"388","Con Guacamole Frozen P","338","9","N,"N
"389","Pro Herb Basil Fresh 4 0","1037","9","N,"N
"390","Pro Herb Basil Fresh Lb","3361","9","N,"N
"391","Pro Sprouts Bean","973","9","N,"N
"392","Kosher Veg Baked Beans","675","9","N,"N
"393","Vg Beans Black Pjr","1753","9","N,"N
"394","Vg Beans Pinto Cnd Pjr","667","9","N,"N
"395","Vg Beans Red Kidney Da","692","9","N,"N
"396","Vg Beans Refried Pjr","694","9","N,"N
"397","Vg Cannelini Beans","1396","9","N,"N
"398","Vg Chick Pea Beans Pjr","644","9","N,"N
"399","Vgf Beans Green Batter","212","9","N,"N
"400","Vgf Beans Green Cut Fr","718","9","N,"N
"401","Vgf Beans Green Whole","2593","9","N,"N
"402","Vgf Beans Italian Cut.","717","9","N,"N
"403","Vg Kosher Beets Sliced","662","9","N,"N
"404","Pro Baby Bok Choy Case","3639","9","N,"N
"405","Pro Broccoli Crowns","3127","9","N,"N
"406","Pro Broccoli Florets Case","2017","9","N,"N
"407","Pro Pc Broc Florrettes 3#","1607","9","N,"N
"408","Vgf Broccoli Chopped F","2021","9","N,"N
"409","Vgf Broccoli Cuts Frz","293","9","N,"N
"410","Vgf Broccoli Florets F","2227","9","N,"N
"411","Pro Cabbage Chinese Cs","2406","9","N,"N
"412","Pro Cabbage Green 3Ct","906","9","N,"N
"413","Pro Cabbage Red Lb","905","9","N,"N
"414","Pro Carrots Baby Case","1665","9","N,"N
"415","Pro Carrots Whole","1616","9","N,"N
"416","Pro Pc Carrots 1/2"" Diced","1759","9","N,"N
"417","Pro Pc Carrots Shredded","1617","9","N,"N
"418","Vgf Carrots Baby Frz P","724","9","N,"N
"419","Pro Cauliflower Case","909","9","N,"N
"420","Pro Pc Cauliflorettes Bu","1620","9","N,"N
"421","Pro Celery Whole Case","910","9","N,"N
"422","Pro Pc Celery 1/2"" Diced","1772","9","N,"N
"423","Pro Pc Celery Diced 1/4""","1621","9","N,"N
"424","Pro Pc Celery Sliced","1622","9","N,"N
"425","Vg Water Chestnuts Pjr","661","9","N,"N
"426","Lg Chilies Diced Green","646","9","N,"N
"427","Pro Chives 1 Lb Bag","1881","9","N,"N
"428","Pro Chives Fresh 1/4 Lb","1173","9","N,"N
"429","Pro Cilantro Fresh 1 Lb","2465","9","N,"N
"430","Vg Corn Baby Cnd Pjr","638","9","N,"N
"431","Vg Corn Cr Style Cnd P","639","9","N,"N
"432","Vgf Corn & Pepper Blen","311","9","N,"N
"433","Vgf Corn Cobbettes Frz","729","9","N,"N
"434","Vgf Corn Frz Pjr","728","9","N,"N
"435","Soy Nut Butter Creamy","1654","9","N,"N
"436","Pro Cucumbers Case","911","9","N,"N
"437","Pro Herb Dill Cleansed 4","950","9","N,"N
"438","Vgf Edamame Shelled Pjr","1285","9","N,"N
"439","Pro Eggplant Split Or Cs","951","9","N,"N
"440","Vgf Eggplant Round Brd","731","9","N,"N
"441","Pro Escarole 3 Ct","1447","9","N,"N
"442","Pro Fennel Bulb 3 Ct","1669","9","N,"N
"443","Pro Garlic Fresh 3 Lb","954","9","N,"N
"444","Pro Garlic Peeled By Jar","92","9","N,"N
"445","Spice Garlic Chopped","486","9","N,"N
"446","Pro Ginger Root 2 Lb","1448","9","N,"N
"447","Hummus Original Pjr","1687","9","N,"N
"448","Hummus Roasted Garlic","1730","9","N,"N
"449","Hummus Roasted Red Pep","1731","9","N,"N
"450","Aptzr Jalapeno Poppers","181","9","N,"N
"451","Vg Jalapenos Sliced Pjr","648","9","N,"N
"452","Pro Kale Green Case","916","9","N,"N
"453","Pro Red Kale Flowering C","276","9","N,"N
"454","Pro Leeks 3 Ct","1861","9","N,"N
"455","Pro Lettuce Green Leaf C","1680","9","N,"N
"456","Pro Lettuce Romaine Case","972","9","N,"N
"457","Pro Lr Mesculin Mix Og","1249","9","N,"N
"458","Pro Pc Chopped Iceberg C","1793","9","N,"N
"459","Pro Pc Lettuce Gr Leaf C","2457","9","N,"N
"460","Pro Pc Lettuce Shredded","3114","9","N,"N
"461","Pro Pc Romaine Cut","2359","9","N,"N
"462","Pro Mint 4 Oz Pkg","984","9","N,"N
"463","Base Spo Mushroom","2204","9","N,"N
"464","Pro Mushrooms Medium Case","919","9","N,"N
"465","Pro Mushrooms Portabella","2309","9","N,"N
"466","Pro Pc Mushroom Sl","9","9","N,"N
"467","Olives Black Sliced","376","9","N,"N
"468","Olives Calamata Pitted","3026","9","N,"N
"469","Olives Ripe Pitted","375","9","N,"N
"470","Olives Stuffed Manzani","377","9","N,"N
"471","Pro Onion Red Whole 5Lb","2390","9","N,"N
"472","Pro Onions Red Whole 25#","966","9","N,"N
"473","Pro Onions Spanish 50#","1558","9","N,"N
"474","Pro Pc Onion Diced 374","1812","9","N,"N
"475","Pro Pc Onion Kabob 1"" X","1777","9","N,"N
"476","Pro Pc Onion Red Diced 1","1798","9","N,"N
"477","Pro Pc Onions 1/2"" Diced","1771","9","N,"N
"478","Pro Pc Onions 1/4"" Diced","1630","9","N,"N
"479","Pro Pc Onions 1/8"" Sliced","1631","9","N,"N
"480","Pro Pc Onions Red Sliced","1633","9","N,"N
"481","Vg Onions Spo Fried Cnd","642","9","N,"N
"482","Vg Sauerkraut Pjr","656","9","N,"N
"483","Vgf Onion Rings Batter","738","9","N,"N
"484","Vgf Onion Rings Breade","2681","9","N,"N
"485","Vgf Pearl Onions Frz P","737","9","N,"N
"486","Base Veg Custom Gold P","433","9","N,"N
"487","Pro Parsley Bunch 6 Ct","969","9","N,"N
"488","Pro Parsley Italian 6 Ct","3801","9","N,"N
"489","Pro Parsnips 3 Lb","1559","9","N,"N
"490","Pro Snow Peas","992","9","N,"N
"491","Vgf Peas And Carrots F","1689","9","N,"N
"492","Vgf Peas Frz Pjr","741","9","N,"N
"493","Lg Peppers Rstd Deli C","650","9","N,"N
"494","Pro Pc Pepper Green Jul","1770","9","N,"N
"495","Pro Pc Pepper Red 1/2"" S","1638","9","N,"N
"496","Pro Pc Pepper Red Julien","1780","9","N,"N
"497","Pro Pc Peppers Red 1/2""","1637","9","N,"N
"498","Pro Peppers Green Med Cs","928","9","N,"N
"499","Pro Peppers Red Case","929","9","N,"N
"500","Pro Peppers Serrano 2 #","2815","9","N,"N
"501","Pro Peppers Yellow Case","982","9","N,"N
"502","Vg Pepperoncini Pjr","651","9","N,"N
"503","Vg Peppers Banana Ring","1592","9","N,"N
"504","Vg Peppers Diced Red P","649","9","N,"N
"505","Pickles Dill Spears 32","1501","9","N,"N
"506","Pickles Sliced 1/8* Pjr","2753","9","N,"N
"507","Pro Pc Portsmouth Stir F","1439","9","N,"N
"508","Chip Potato Bulk Pjr","328","9","N,"N
"509","Potato Battered Baby J","2396","9","N,"N
"510","Potato Crinkle Cut Fri","749","9","N,"N
"511","Potato Curly Fries Pjr","747","9","N,"N
"512","Potato Fries Shoestrin","479","9","N,"N
"513","Potato Fries Spicy Crs","770","9","N,"N
"514","Potato Fries Sweet Pot","2481","9","N,"N
"515","Potato Hash Brown Shre","2735","9","N,"N
"516","Potato Hashbrown Patt","750","9","N,"N
"517","Potato Pancakes Mini P","1605","9","N,"N
"518","Potato Pearl Extra Ric","654","9","N,"N
"519","Potato Phantom Fries P","3490","9","N,"N
"520","Potato Scalloped W/Sau","2802","9","N,"N
"521","Potato Straight Cut Fr","1806","9","N,"N
"522","Potato Tater Tots Pjr","754","9","N,"N
"523","Pro Pc Diced Sweet Potat","3684","9","N,"N
"524","Pro Pc Potato Quartered","1831","9","N,"N
"525","Pro Pc Potato Red Quarte","1832","9","N,"N
"526","Pro Potato 3/4"" Diced Pr","933","9","N,"N
"527","Pro Potato Baking 100 Ct","1707","9","N,"N
"528","Pro Potato Red Diced 3/4","1699","9","N,"N
"529","Pro Potato Red Petite","934","9","N,"N
"530","Pro Potato Whole Plo Pail","932","9","N,"N
"531","Pro Potatoes Yukon Gold","20","9","N,"N
"532","Pro Sweet Potato 40 Lb","1577","9","N,"N
"533","Pro Sweet Potato 5L0","971","9","N,"N
"534","Potsticker Vegetable P","1879","9","N,"N
"535","Pro Radish Daikon 5 Lb S","4394","9","N,"N
"536","Pro Radishes 3 Lb","1569","9","N,"N
"537","Pro Herb Rosemary 4 Oz B","2240","9","N,"N
"538","Pro Herb Sage 4 Oz Bunch","3954","9","N,"N
"539","Pro Coleslaw Mix Case","24","9","N,"N
"540","Pro Salad Coleslaw Mix 5#","995","9","N,"N
"541","Pro Scallions 2 #","1578","9","N,"N
"542","Pro Scallions Fresh Case","1228","9","N,"N
"543","Shallots Fresh Peeled","3659","9","N,"N
"544","Pro Lr Spinach Baby Og","1250","9","N,"N
"545","Pro Spinach 2.5 Lb Bulk","1643","9","N,"N
"546","Pro Spinach Bulk 10 Lb","3130","9","N,"N
"547","Vgf Spinach Chopped Fr","758","9","N,"N
"548","Pro Sprouts Alfalfa Cs","937","9","N,"N
"549","Vgf Brussel Sprouts Fr","722","9","N,"N
"550","Pro Pc.Squash Butternut","1645","9","N,"N
"551","Pro Squash Acorn 5 Lb","974","9","N,"N
"552","Pro Squash Yellow Summer","1571","9","N,"N
"553","Pro Squash Yellow Summer","1361","9","N,"N
"554","Pro Squash Zucchini 5Lb","1572","9","N,"N
"555","Pro Herb Thyme Fresh 4 O","1154","9","N,"N
"556","Pro Pc Tomatos Diced 5#","208","9","N,"N
"557","Pro Tomatoes 5X6","941","9","N,"N
"558","Pro Tomatoes Cherry 12 P","942","9","N,"N
"559","Pro Tomatoes Grape Bulk","2552","9","N,"N
"560","Pro Tomatoes Plum/Roma C","1987","9","N,"N
"561","Vg Kosher Tomatoes Cru","657","9","N,"N
"562","Vg Tomato Diced Canned","2597","9","N,"N
"563","Vg Tomato Filets Pjr","2234","9","N,"N
"564","Vg Tomato Puree Pjr","659","9","N,"N
"565","Vg Tomatoes Sun-Dried","994","9","N,"N
"566","Pro Pc Turnip Yellow 1/2","608","9","N,"N
"567","Pro Turnip Yellow Whole","1573","9","N,"N
"568","Vgf Bahama Veg Blend F","2767","9","N,"N
"569","Vgf Germany Veg Blend","734","9","N,"N
"570","Vgf Mediterranean Veg","2793","9","N,"N
"571","Vgf Mixed Vegetables F","735","9","N,"N
"572","Vgf Winter Vegetable B","3200","9","N,"N
"573","Pro Squash Green Zucchini","1381","9","N,"N
"1024","Sht Butter Solids Pjr Lb","150","10","N,"N
"1025","Asiago Shredded Pjr Bag","214","10","N,"N
"1026","Ched Mild Yell Shrd Pjr","2040","10","N,"N
"1027","Ched Sharp Yel Shrd Pjr","1997","10","N,"N
"1028","Cheddar 5#Pkg Presliced","9237","10","N,"N
"1029","Cheddar Yellow Block Pj","3988","10","N,"N
"1030","Cheese American 160 Ct Pjr","153","10","N,"N
"1031","Cheese Brie Pjr Wheel","156","10","N,"N
"1032","Cheese Ched Mild Wht Shrd Pjr","159","10","N,"N
"1033","Cheese Cheddar Jack Shrd Pjr","154","10","N,"N
"1034","Cheese Cojita Pjr","313","10","N,"N
"1035","Cheese Cottage Low Fat 1%","1513","10","N,"N
"1036","Cheese Cream Block Case Pjr","3340","10","N,"N
"1037","Cheese Cream Lite PcS Pjr","1035","10","N,"N
"1038","Cheese Cream Spreadable","1516","10","N,"N
"1039","Cheese Cubes Cheddar Pjr","3520","10","N,"N
"1040","Cheese Feta Chunk Pjr Pail","160","10","N,"N
"1041","Cheese Gorgonzola Crumbles Pjr","3654","10","N,"N
"1042","Cheese Gouda Pjr","161","10","N,"N
"1043","Cheese Mont Jack Shredded Pjr","164","10","N,"N
"1044","Cheese Muenster Pjr Lb","168","10","N,"N
"1045","Cheese Parmesan Pjr Pkg","169","10","N,"N
"1046","Cheese Part Skim Ricotta Pjr","1518","10","N,"N
"1047","Cheese Pepper Jack Loaf Pjr","3987","10","N,"N
"1048","Cheese Provolone 5#Pkg sliced","9236","10","N,"N
"1049","Cheese Provolone Pjr Lb","170","10","N,"N
"1050","Cheese Spo Mozz Fresh","39","10","N,"N
"1051","Cheese Spo Mozz Whole Mlk","42","10","N,"N
"1052","Cheese Spo Romano Calabro","4138","10","N,"N
"1053","Cheese Swiss 5#Pkg Presliced","9235","10","N,"N
"1054","Cheese Swiss Pjr Lb","171","10","N,"N
"1055","Cheese Swiss/Pepper/Ched Cubed","1575","10","N,"N
"1056","Cheese Wheel Blue","1647","10","N,"N
"1057","Lr Cheese Ricotta Part Skim","48","10","N,"N
"1058","Mozzarella Pizza Bl Pjr Bag","1039","10","N,"N
"1059","Parm Grated Pjr Bag","45","10","N,"N
"1060","Pro Mozzarella Balls Fresh Cnt","2728","10","N,"N
"1061","Vgn Cheese Soy Mozzarella Pkg","1963","10","N,"N
"1062","Vgn Cheese Vegan Cheddar Pkg","2965","10","N,"N
"1063","Vgn Soy Parmesan Jar","2984","10","N,"N
"1064","Buttermilk Half Gallon Hfgal","4254","10","N,"N
"1065","Cream 1/2 & 1/2 Quart Qt","2176","10","N,"N
"1066","Cream Heavy","1506","10","N,"N
"1067","Cream Light 1/2 Gals 1/2Gl","2885","10","N,"N
"1068","Cream Sour","1515","10","N,"N
"1069","Cream Whipped Can","1519","10","N,"N
"1070","Creamer French Vanilla Pint","2205","10","N,"N
"1071","Creamer Hazelnut Pint Each","1368","10","N,"N
"1072","Lr Cream Heavy Qt","835","10","N,"N
"1073","Lr Half & Half Qts Qt","865","10","N,"N
"1074","Whipped Topping Pjr Quart","182","10","N,"N
"1075","Centennial Caramel Crunch","2771","10","N,"N
"1076","Choc Chip Cookie Dough Tub","1413","10","N,"N
"1077","Chocolate Lovers","1402","10","N,"N
"1078","Espresso Crunch","2864","10","N,"N
"1079","Ic N/A Until Fall 2015 Tub","2758","10","N,"N
"1080","Ic Tub Black Raspberry Tub","1403","10","N,"N
"1081","Ic Tub Cake Batter Tub","1418","10","N,"N
"1082","Ic Tub Chocolate Chip Tub","1412","10","N,"N
"1083","Ic Tub Cookies & Cream Tub","1417","10","N,"N
"1084","Ic Tub Maine Black Bear Tub","4117","10","N,"N
"1085","Ic Tub Maine Camp Coffee Tub","1416","10","N,"N
"1086","Ic Tub Maine Deer Tracks Tub","4120","10","N,"N
"1087","Ic Tub Maine Maple Walnut Tub","1425","10","N,"N
"1088","Ic Tub Mint Choc Chip Tub","1426","10","N,"N
"1089","Ic Tub Moose Tracks Tub","1408","10","N,"N
"1090","Ic Tub Muddy Bean Boots Tub","3946","10","N,"N
"1091","Ic Tub Wild Blueberry Tub","1409","10","N,"N
"1092","Jonathans Supreme","2861","10","N,"N
"1093","Maine Lobster Tracks","1427","10","N,"N
"1094","Nov Italian Ice Blue Rasp","2216","10","N,"N
"1095","Nov Italian Ice Cherry $ 12Box","2214","10","N,"N
"1096","Nov Italian Ice Lemon","2215","10","N,"N
"1097","Nov Italian Ice Watermelon","2217","10","N,"N
"1098","Nov Orange Creamsicle 24Box","2247","10","N,"N
"1099","Old Fashioned Vanilla","1400","10","N,"N
"1100","Peppermint Stick","2878","10","N,"N
"1101","Sherbet Rainbow Bulk Tub","1453","10","N,"N
"1102","Sorbet Mango 2.5G $ Pjr Tub","3015","10","N,"N
"1103","Sorbet Raspberry 3 Gal Edy","2687","10","N,"N
"1104","Tstd Almond Amar Ice Cream","2865","10","N,"N
"1105","Uc Chocolate Ice Cream Tub","2832","10","N,"N
"1106","Uc Husky Tracks Ice Cream Tub","2862","10","N,"N
"1107","Uc Ice Cream Senior Scoop Tub","2825","10","N,"N
"1108","Uc Vanilla Ice Cream Tub","2830","10","N,"N
"1109","Vgn Tofutti Almond Vanilla","2009","10","N,"N
"1110","Vgn Tofutti Chocolate Supreme","1432","10","N,"N
"1111","Vgn Tofutti Vanilla Tub","2938","10","N,"N
"1112","Sht Margarine Lite PcS","1036","10","N,"N
"1113","Sht Margarine Smart Bal Tubs","4383","10","N,"N
"1114","Bev Rice Milk Original Pjr Qt","120","10","N,"N
"1115","Lr Eggnog 32 Oz Each","3079","10","N,"N
"1116","Lr Milk .5% Skim Bag-In-Box","3067","10","N,"N
"1117","Lr Milk 2% Bag In Box Bag","3063","10","N,"N
"1118","Lr Milk Whole Gallons Gal","1142","10","N,"N
"1119","Milk .5% Skim Bag-In Box","1502","10","N,"N
"1120","Milk 1% Chocolate Bag In Box","3065","10","N,"N
"1121","Milk 2% Bag-In-Box","1500","10","N,"N
"1122","Milk Almond Breeze Each","1837","10","N,"N
"1123","Milk Almond Unsweetened Each","2814","10","N,"N
"1124","Milk Chocolate Lowfat Bib","1504","10","N,"N
"1125","Milk Lactose Free 100% Quart","2307","10","N,"N
"1126","Milk Whole 1/2 Gal Hfgal","1590","10","N,"N
"1127","Soy Milk Choc 1/2G Pjr Hfgal","792","10","N,"N
"1128","Soy Milk Extra Red Pjr Qt","286","10","N,"N
"1129","Spo Milk Almond Vanilla Each","2812","10","N,"N
"1130","Vgn Soy Milk Van Blue Hfgal","2242","10","N,"N
"1131","Vgn Soy Yogurt Raspberry","2772","10","N,"N
"1132","Yogurt Greek Vanilla Pjr Cont","2531","10","N,"N
"1133","Yogurt Lf Vanilla 5Lb Pail","2151","10","N,"N
"1134","Yogurt Plain Lf Bulk Pail","1520","10","N,"N
"1135","Yogurt Strawberry Lf Bulk Pail","1522","10","N,"N
"1136","Apple Macintosh","3770","10","N,"N
"1137","Apple Red Delicious Cs Case","901","10","N,"N
"1138","Apples Wrights Farm Lr Case","2581","10","N,"N
"1139","Fr Apples Sliced Cnd Pjr Can","616","10","N,"N
"1140","Fr Applesauce Pjr Can","615","10","N,"N
"1141","Golden Delicious","988","10","N,"N
"1142","Lpro Apple Empire","4028","10","N,"N
"1143","Lpro Apple Macintosh","4027","10","N,"N
"1144","Lpro Apple Mccoun","4029","10","N,"N
"1145","Pro Apple Courtland Eco Case","3637","10","N,"N
"1146","Pro Apple Empire Case","944","10","N,"N
"1147","Pro Apple Gala Case Case","1316","10","N,"N
"1148","Pro Apple Mac/Paula/Fuji Case","900","10","N,"N
"1149","Pro Apple Macoun","2623","10","N,"N
"1150","Fr Apricots Dried Pjr","3623","10","N,"N
"1151","Pro Banana Petite Turning","903","10","N,"N
"1152","Pro Lr Bananas Og 1/2 Cs","1231","10","N,"N
"1153","Cranberries Whole Frzn","709","10","N,"N
"1154","Fr Blueberries Wild Maine","707","10","N,"N
"1155","Fr Cherry Maraschino Halves","623","10","N,"N
"1156","Fr Cranberries Dried Pjr","3662","10","N,"N
"1157","Fr Strawberries Sl Frzn","711","10","N,"N
"1158","Strawberries Fzn By Whitney","1548","10","N,"N
"1159","Pro Cantaloupes 15 Ct Case","907","10","N,"N
"1160","Pro Clementines Case","1384","10","N,"N
"1161","Coconut Shredded Pjr","544","10","N,"N
"1162","Pro Dates Pitted Lb","1947","10","N,"N
"1163","Pro Grapefruit Pink Case Case","912","10","N,"N
"1164","Pro Grapes Green Thompson Cs","914","10","N,"N
"1165","Pro Grapes Red Seedless Cs","913","10","N,"N
"1166","Pro Honeydew Case","915","10","N,"N
"1167","Lemons 12 Ct Split Pack","1551","10","N,"N
"1168","Pro Lemons Case","917","10","N,"N
"1169","Limes Dozen Split Pack Each","1554","10","N,"N
"1170","Pro Limes Case","1589","10","N,"N
"1171","Nov Toasted Almond 24Box","1874","10","N,"N
"1172","Nuts Almonds Blanched Sliced","530","10","N,"N
"1173","Nuts Cashews Rstd Unsalted","537","10","N,"N
"1174","Nuts Peanuts Dry Rst Unsalted","2810","10","N,"N
"1175","Nuts Pecans Chopped","578","10","N,"N
"1176","Nuts Walnut Halves Can","4348","10","N,"N
"1177","Nuts Walnut Pieces Small","599","10","N,"N
"1178","Fr Mandarin Oranges Pjr","2541","10","N,"N
"1179","Pro Nectarines","989","10","N,"N
"1180","Pro Oranges Navel 88S Cs","922","10","N,"N
"1181","Pro Tangerines","976","10","N,"N
"1182","Fr Peaches Sliced Pjr Can","625","10","N,"N
"1183","Pro Peaches","990","10","N,"N
"1184","Pro Pear Anjou/Bartlet 120 Ct","925","10","N,"N
"1185","Pro Pear Bosc","926","10","N,"N
"1186","Pro Pear Eco Case","2618","10","N,"N
"1187","Fr Pineapple Chunks Pjr Can","627","10","N,"N
"1188","Fr Pineapple Crushed Pjr Can","628","10","N,"N
"1189","Fr Pineapple Sliced Pjr Can","629","10","N,"N
"1190","Pro Pc Pineapple Chunks Pjr","1679","10","N,"N
"1191","Pro Pineapple Golden 6-7 Ct","1813","10","N,"N
"1192","Fr Plantain Sliced Iqf","4375","10","N,"N
"1193","Pro Plums 4 X 4","991","10","N,"N
"1194","Fr Prunes Dried Pitted","1512","10","N,"N
"1195","Fr Raisins Retail Pk Pjr Box","1977","10","N,"N
"1196","Pro Watermelon Seedless Each","1814","10","N,"N
"1197","Bagel Dianas Cheddar Cheese","3675","10","N,"N
"1198","Bagel Dianas Egg Sliced Hfdz","2104","10","N,"N
"1199","Bagel Dianas Onion Sliced Hfdz","2114","10","N,"N
"1200","Bagel Dianas Plain Sliced Hfdz","2116","10","N,"N
"1201","Bagel Plain Presliced Pjr","777","10","N,"N
"1202","Blueberry Sliced","2100","10","N,"N
"1203","Cinnamon Raisin","779","10","N,"N
"1204","Dianas Sun-Dried Tomato","2126","10","N,"N
"1205","Everything","2106","10","N,"N
"1206","Plain Ind Wrap Pjr Bag","4271","10","N,"N
"1207","Poppy Seed","2118","10","N,"N
"1208","Pumpernickel","2120","10","N,"N
"1209","Sesame Sliced Hfdz","2122","10","N,"N
"1210","Vegetable Sliced","2128","10","N,"N
"1211","Whole Wheat Presliced","2946","10","N,"N
"1212","Bar Nutri-Grain Apple Pjr Box","2045","10","N,"N
"1213","Bar Nutri-Grain Raspberry Box","2932","10","N,"N
"1214","Nutri-Grain Blueberry Pjr Box","2046","10","N,"N
"1215","Grain Barley Pearled Pjr","690","10","N,"N
"1216","Bread 100% Whole Wheat Loaf","1327","10","N,"N
"1217","Bread Biscuit Buttermilk Pjr","1174","10","N,"N
"1218","Bread Country White Loaf","2751","10","N,"N
"1219","Bread Croissants 2.5 Oz Pjr","672","10","N,"N
"1220","Bread Crumbs Spo Vegan","1278","10","N,"N
"1221","Bread Dianas Lite Wheat Loaf","1331","10","N,"N
"1222","Bread English Muffins Pkg","1318","10","N,"N
"1223","Bread Honey Oat Grain Loaf","1338","10","N,"N
"1224","Bread Italian Seeded Loaf","2750","10","N,"N
"1225","Bread Oat Bran & Nut Loaf","1325","10","N,"N
"1226","Bread Potato Freihofer Loaf","1599","10","N,"N
"1227","Bread Raisin Loaf","1309","10","N,"N
"1228","Bread Rye Seeded Soft Loaf","1303","10","N,"N
"1229","Bread Stub White Loaf","1301","10","N,"N
"1230","Bread Texas Toast Loaf","1306","10","N,"N
"1231","Bread Twelve Grain Loaf","1342","10","N,"N
"1232","Breadstick French Parbkd Pjr","1817","10","N,"N
"1233","Crumbs Bread Pjr","400","10","N,"N
"1234","Crumbs Panko Bread 1/2Cs","562","10","N,"N
"1235","Gf Spo Bread Three Bakers Loaf","840","10","N,"N
"1236","Roll Grinder 6"" Doz","9211","10","N,"N
"1237","Roll Grinder Wheat 6"" Doz","9212","10","N,"N
"1238","Roll Hard Roll Large Doz","9062","10","N,"N
"1239","Roll Onion Sandwich Doz","9250","10","N,"N
"1240","Roll Poppy Seed Hard Roll Doz","9063","10","N,"N
"1241","Roll Sesame Hard Roll Doz","9064","10","N,"N
"1242","Whole Grain UdiS Loaf","2208","10","N,"N
"1243","Capt Crunch P. Butter","1164","10","N,"N
"1244","Capt Crunchberry","294","10","N,"N
"1245","Cereal Apple Jacks Pjr Box","291","10","N,"N
"1246","Cereal CapN Crunch Pjr Box","1265","10","N,"N
"1247","Cereal Cheerios Pjr Box","295","10","N,"N
"1248","Cereal Cocoa Krispies Pjr Box","1262","10","N,"N
"1249","Cereal Corn Flakes Pjr Box","298","10","N,"N
"1250","Cereal Cream Of Wheat Box","2507","10","N,"N
"1251","Cereal Froot Loops Pjr Box","302","10","N,"N
"1252","Cereal Golden Grahams Pjr Box","304","10","N,"N
"1253","Cereal Grits Quaker Quick Pkg","292","10","N,"N
"1254","Cereal Lucky Charms Pjr Box","321","10","N,"N
"1255","Cereal Oatmeal Cont","309","10","N,"N
"1256","Cereal Raisin Bran Pjr Box","312","10","N,"N
"1257","Cereal Rice Chex Pjr Box","4182","10","N,"N
"1258","Cereal Spo Grape-Nuts Box","305","10","N,"N
"1259","Cereal Spo Life Pjr Box","306","10","N,"N
"1260","Cinn Toast Crunch","2445","10","N,"N
"1261","Cracklin Oat Bran","323","10","N,"N
"1262","Frost Flakes Pjr Box","318","10","N,"N
"1263","Frstd Mini Wheat Box","301","10","N,"N
"1264","Gf Cereal Granola Honey Oats","3569","10","N,"N
"1265","Granola W/O Raisins Box","303","10","N,"N
"1266","Honey Nut Cheerios Pjr Box","296","10","N,"N
"1267","Kashi Hrt To Hrt","310","10","N,"N
"1268","Special K W/Berries Pjr Box","2236","10","N,"N
"1269","Spo Gf Cereal Chex Cinnamon","4495","10","N,"N
"1270","Spo Gf Cereal Oatmeal Hot","4361","10","N,"N
"1271","Cornmeal Pjr","403","10","N,"N
"1272","Con Croutons Multigrain","410","10","N,"N
"1273","Cracker Oyster PcS Pjr","2526","10","N,"N
"1274","Crumbs Ritz Cracker Brkn Pjr","2607","10","N,"N
"1275","Cone Ice Cream Sugar W/ Jacket","1517","10","N,"N
"1276","Donut Cake Al Crunch Hfdz","1867","10","N,"N
"1277","Donut Cake Assorted Hfdz","1540","10","N,"N
"1278","Donut DianaS Cake Asst Mini","2093","10","N,"N
"1279","Donut Filled Assorted Hfdz","2086","10","N,"N
"1280","Donut Raised Assorted Hfdz","2087","10","N,"N
"1281","Jelly Powdered","3494","10","N,"N
"1282","Nov Straw Shortcake Box","2249","10","N,"N
"1283","Crust Pizza 16"" Reg Case","2730","10","N,"N
"1284","Dough Empanada Shells Case","2152","10","N,"N
"1285","Dough Phyllo Dough Pjr","2926","10","N,"N
"1286","Gf Crust Pizza 10"" Pjr Pkg","4264","10","N,"N
"1287","Flour All Purpose Pjr","412","10","N,"N
"1288","Flour Organic Whole Wheat","2185","10","N,"N
"1289","Flour Rice Flour","785","10","N,"N
"1290","Gf Muffin Blueberry Iw Pjr","4269","10","N,"N
"1291","Cannoli Shells Large Pjr","2220","10","N,"N
"1292","Gf Pasta Penne Rigate","1588","10","N,"N
"1293","Kosher Israeli Cous Cous Pjr","3480","10","N,"N
"1294","Kosher Lasagna Noodles Pjr","3441","10","N,"N
"1295","Lo Mein Noodle Wide","2337","10","N,"N
"1296","Noodles Chow Mein Pjr Cn","385","10","N,"N
"1297","Noodles Rice Thai Pjr","85","10","N,"N
"1298","Noodles Soba Noodles Amoy Pjr","1009","10","N,"N
"1299","Pas Cavatelli Pjr","1398","10","N,"N
"1300","Pas Gnocchi W/Pot/Ricotta Pjr","1055","10","N,"N
"1301","Pas Pierogies Pot & Cheese Pjr","210","10","N,"N
"1302","Pas Ravioli Pumpkin Sys Pjr","1682","10","N,"N
"1303","Pas Ravioli Six Cheese Pjr","211","10","N,"N
"1304","Pas Ravioli Vegan Vgn Pjr","196","10","N,"N
"1305","Pas Ravioli W/ Meat Pjr","84","10","N,"N
"1306","Pas Stuffed Shells Cheese Pjr","198","10","N,"N
"1307","Pas Tortellini Cheese Pjr","200","10","N,"N
"1308","Pas Tortellini Vgn Pjr","2872","10","N,"N
"1309","Pasta Bow Tie Pjr","696","10","N,"N
"1310","Pasta Cavatappi","2011","10","N,"N
"1311","Pasta Cous Cous Pjr","1704","10","N,"N
"1312","Pasta Ditalini Pjr","1377","10","N,"N
"1313","Pasta Elbow Macaroni Pjr","697","10","N,"N
"1314","Pasta Fettucini Pjr","698","10","N,"N
"1315","Pasta Lasagna Precook 2Oz Pj","382","10","N,"N
"1316","Pasta Linguini Pjr","384","10","N,"N
"1317","Pasta Orzo Pjr","687","10","N,"N
"1318","Pasta Penne Pjr","714","10","N,"N
"1319","Pasta Penne Whole Grain Pjr","710","10","N,"N
"1320","Pasta Radiatore Pjr","2796","10","N,"N
"1321","Pasta Rainbow Rotini Pjr Lb","393","10","N,"N
"1322","Pasta Rigatoni Pjr","686","10","N,"N
"1323","Pasta Rotini Pjr","392","10","N,"N
"1324","Pasta Shell Macaroni Pjr","395","10","N,"N
"1325","Pasta Spaghetti Pjr","396","10","N,"N
"1326","Pasta Spo Spaghetti Wh Wheat","2717","10","N,"N
"1327","Pasta Wide Noodles Pjr","387","10","N,"N
"1328","Pasta Ziti Pjr","398","10","N,"N
"1329","Ravioli Grilled Vegetable Pjr","13","10","N,"N
"1330","Vgn Pierogies Spo Pot & Onion","1936","10","N,"N
"1331","Pita Greek Folds 7"" Pjr 1/2Cs","676","10","N,"N
"1332","Pita Pocket White Pjr","678","10","N,"N
"1333","Pita Pocket Whole Wheat Pjr","677","10","N,"N
"1334","Polenta Pkg","822","10","N,"N
"1335","Grain Quinoa Spo Black & Red","4416","10","N,"N
"1336","Rice Arborio Pjr","2411","10","N,"N
"1337","Rice Basmati Pjr","1859","10","N,"N
"1338","Rice Brown Lr Organic 1/2Bg","4143","10","N,"N
"1339","Rice Brown Pjr Bag","389","10","N,"N
"1340","Rice Jasmine Pjr","226","10","N,"N
"1341","Rice Red Beans & Rice Pjr","2289","10","N,"N
"1342","Rice White Lr Organic 1/2Bg","4142","10","N,"N
"1343","Rice Wild Uncle BenS Pjr","3916","10","N,"N
"1344","Vgn Soy Rice Tempeh Pjr Pkg","37","10","N,"N
"1345","Gf Roll Hamburg Pjr","4287","10","N,"N
"1346","Chip Tortilla Pjr","331","10","N,"N
"1347","Gf Tortilla Plain Xl","1849","10","N,"N
"1348","Tortilla Corn 6"" Frzn 1/2Cs","682","10","N,"N
"1349","Tortilla Flour 10"" Pjr","2701","10","N,"N
"1350","Tortilla Flour 6""Frzn Pjr","683","10","N,"N
"1351","Tortilla Strips Tricolor Pjr","4204","10","N,"N
"1352","Tortilla Taco Shells Pjr","681","10","N,"N
"1353","Gf Waffles Spo Box","746","10","N,"N
"1354","Waffles Pjr","684","10","N,"N
"1355","Grain Bulgar Wheat Ds Pjr","958","10","N,"N
"1356","Grain Spo Wheatberries","1636","10","N,"N
"1357","Garlic & Herb Tortilla","3010","10","N,"N
"1358","Wrap Jalapeno 12 "" Pjr","3040","10","N,"N
"1359","Wrap Spinach 12"" Pjr","3011","10","N,"N
"1360","Wrap Tomato Basil 12"" Pjr 72Cs","2726","10","N,"N
"1361","Wrap Whole Wheat 12"" Pjr 72Cs","2720","10","N,"N
"1362","Beer Guinness Stout","3322","10","N,"N
"1363","Beer KillianS Red (Cooking)","289","10","N,"N
"1364","Liquor Bourbon Liter","2658","10","N,"N
"1365","Liquor Brandy (Cooking) Liter","2650","10","N,"N
"1366","Liquor Rum (Cooking) Bottle","2641","10","N,"N
"1367","Liquor Vodka Dubra 1.75Ltr","2718","10","N,"N
"1368","Wine Sherry For Cooking","284","10","N,"N
"1369","Wine White Chablis Cooking","285","10","N,"N
"1370","Bev Cocoa Dk Chocolate Pjr Pkg","228","10","N,"N
"1371","Coconut Milk Pjr Can","1961","10","N,"N
"1372","French Vanilla Cappucino","2279","10","N,"N
"1373","Guava Passion Pjr Cont","2710","10","N,"N
"1374","Juice Clam Cans Pjr Can","234","10","N,"N
"1375","Juice Cranberry Pjr Cont","2875","10","N,"N
"1376","Juice Currant Pjr Btl","2150","10","N,"N
"1377","Juice Lemon Pjr Btl","237","10","N,"N
"1378","Juice Lime Pjr Gal","238","10","N,"N
"1379","Juice Minute Maid Apple","2579","10","N,"N
"1380","Juice Minute Maid Lemonade","2578","10","N,"N
"1381","Juice Minute Maid Oj Pjr Cont","2577","10","N,"N
"1382","Juice Pineapple Pjr Can","239","10","N,"N
"1383","Juice Prune Pjr Can","315","10","N,"N
"1384","Juice Rasp Lemon Pjr Cont","2711","10","N,"N
"1385","Juice Tomato Sacramento Can","240","10","N,"N
"1386","Juice V-8 Cans Pjr Can","242","10","N,"N
"1387","Lpro Cider Apple Gal","4031","10","N,"N
"1388","Nestea Rasp Iced Tea Box","2777","10","N,"N
"1389","Pro Cider Apple Case Gal","1685","10","N,"N
"1390","Soda 12 Oz Sprite D Case","267","10","N,"N
"1391","Soda Co2 Coke Small 20# Tank","288","10","N,"N
"1392","Soda Co2 Tank Coke 50# Tank","287","10","N,"N
"1393","Soda Ftn Coke Classic","216","10","N,"N
"1394","Soda Ftn Coke Diet","217","10","N,"N
"1395","Soda Ftn Coke Zero Box","4018","10","N,"N
"1396","Soda Ftn Gingerale","2775","10","N,"N
"1397","Soda Ftn Orange","220","10","N,"N
"1398","Soda Ftn Powerade Lemon Lime","2383","10","N,"N
"1399","Soda Ftn Rootbeer","219","10","N,"N
"1400","Soda Ftn Sprite","218","10","N,"N
"1401","Soda Ftn Tea Green Gold Peak","2877","10","N,"N
"1402","Tea Black Sweet Gold Peak","4019","10","N,"N
"1403","Tea Black Unsweet Gold Pe","3161","10","N,"N
"1404","Water Uconn 1/2 Ltr D","1711","10","N,"N
"1405","Wine Burgundy For Cooking Gal","282","10","N,"N
"1406","Wine Marsala For Cooking Btl","283","10","N,"N
"1407","Apple Candied W/ Coconut Case","4034","10","N,"N
"1408","Apple Caramel W/ Sprinkles","1871","10","N,"N
"1409","Apple Caramel W/Peanut Case","4032","10","N,"N
"1410","Apple Caramel W/Sprinkles","4033","10","N,"N
"1411","Candy Choc Chips 4000 Ct Pjr","539","10","N,"N
"1412","Candy Choc Chips White Pjr","541","10","N,"N
"1413","Candy Crushed Oreos Pjr","574","10","N,"N
"1414","Candy Heath Bar Crumbles Pjr","554","10","N,"N
"1415","Candy M&M Minis Spo Case","602","10","N,"N
"1416","Candy Marshmallows Mini Pkg","570","10","N,"N
"1417","Candy Spo Reeses Pieces Case","2523","10","N,"N
"1418","Vgn Chocolate Chips Lb","873","10","N,"N
"1419","Coffee Cup O Joe Bean Oft Pjr","3030","10","N,"N
"1420","Coffee Cup O Joe Ft Pk Cs","3873","10","N,"N
"1421","Coffee Decaf Cup O Joe Oft","3872","10","N,"N
"1422","Coffee French Vanilla Ft Pk","3874","10","N,"N
"1423","Coffee Spo Nicaraguan Blk Ft","3783","10","N,"N
"1424","Coffee Spo Peru Bulk Ft","2601","10","N,"N
"1425","Coffee Uc Bold Bean","333","10","N,"N
"1426","Coffee Winter Seasonal Ft","114","10","N,"N
"1427","Creamer Nondairy Bag","685","10","N,"N
"1428","Cereal Rice Krispies","314","10","N,"N
"1429","Gf Brownie Each","4139","10","N,"N
"1430","Gf Spo Cookie Choc Chip Pkg","4140","10","N,"N
"1431","Dijon Honey Mustard Gal","4218","10","N,"N
"1432","Dressing Cusabi Pjr Gal","1119","10","N,"N
"1433","Fat Free Italian Pjr Gal","364","10","N,"N
"1434","Good Seasons Packets Each","3802","10","N,"N
"1435","Ranch Hidden Valley Pkg","1854","10","N,"N
"1436","Toasted Sesame Pjr Gal","232","10","N,"N
"1437","Con Honey Uconn Bulk By Lb Lb","144","10","N,"N
"1438","Jelly Assorted PcS Pjr","815","10","N,"N
"1439","Jelly Grape Pjr Can","565","10","N,"N
"1440","Jelly Orange Marmalade","2811","10","N,"N
"1441","Jelly Raspberry Preserve Pjr","2501","10","N,"N
"1442","Jelly Strawberry Jam Pjr","2502","10","N,"N
"1443","Molasses Gal","572","10","N,"N
"1444","Sht 51/49 Olive Oil Blend Box","3768","10","N,"N
"1445","Sht Canola Salad Oil Pjr Gal","871","10","N,"N
"1446","Sht Kosher Sesame Oil Pjr Btl","556","10","N,"N
"1447","Peanut Butter Pc Smooth","680","10","N,"N
"1448","Peanut Butter Smooth Pjr Tub","577","10","N,"N
"1449","Cocoa Powder 11# Bulk","4239","10","N,"N
"1450","Base Brown Sauce Pjr","430","10","N,"N
"1451","Bbq Sweet & Spicy Pjr Gal","436","10","N,"N
"1452","Chunky Chili Salsa Pjr Btl","434","10","N,"N
"1453","Con Horseradish Jar","339","10","N,"N
"1454","Con Ketchup 1.5 G Disp Pk Pjr","2948","10","N,"N
"1455","Con Mayonnaise Low Fat Pjr Gal","643","10","N,"N
"1456","Con Mayonnaise Pjr Gal","340","10","N,"N
"1457","Con Mustard 1.5 G Disp Pk Pjr","2947","10","N,"N
"1458","Con Mustard Dijon Jar","344","10","N,"N
"1459","Con Mustard PcS Case","343","10","N,"N
"1460","Con Mustard Salad Pjr Gal","342","10","N,"N
"1461","Con Relish Pjr Gal","345","10","N,"N
"1462","Cranberry Jellied Pjr Can","619","10","N,"N
"1463","Gf Kosher Sauce Soy Pjr Hfgal","3470","10","N,"N
"1464","Hot Texas Pete Gals Pjr Gal","3110","10","N,"N
"1465","Mustard Guldens Brown Pjr Gal","2543","10","N,"N
"1466","Sauce A-1 Steak Btls Pjr Btl","2564","10","N,"N
"1467","Sauce Basil Pesto Pjr Jar","3051","10","N,"N
"1468","Sauce Buffalo Wing Pjr Gal","2229","10","N,"N
"1469","Sauce Ched Chse Ortega Bg Pjr","1710","10","N,"N
"1470","Sauce Chili Pjr Can","437","10","N,"N
"1471","Sauce Chili Sweet Pjr Gal","4070","10","N,"N
"1472","Sauce General Tso Pjr Gal","2343","10","N,"N
"1473","Sauce Gravy Master Btl","439","10","N,"N
"1474","Sauce Hoisin Spo Btl","2335","10","N,"N
"1475","Sauce Hot Chili Sriracha Jar","721","10","N,"N
"1476","Sauce Hot Texas FrankS Btl","1465","10","N,"N
"1477","Sauce Imperial Pjr","2733","10","N,"N
"1478","Sauce Marinara Pjr Can","2527","10","N,"N
"1479","Sauce Nacho Chse Ortega Bg Pjr","1712","10","N,"N
"1480","Sauce Oyster Spo Can","440","10","N,"N
"1481","Sauce Picante Mild Pjr Btl","443","10","N,"N
"1482","Sauce Pizza Pjr Can","2561","10","N,"N
"1483","Sauce Spo Black Bean Btl","2336","10","N,"N
"1484","Sauce Spo Red Curry Paste Jar","484","10","N,"N
"1485","Sauce Spo Thai Fish Cont","3027","10","N,"N
"1486","Sauce Stir Fry Pjr Gal","451","10","N,"N
"1487","Sauce Sweet & Sour Pjr Gal","2228","10","N,"N
"1488","Sauce Szechuan Pjr Btl","445","10","N,"N
"1489","Sauce Tabasco Pjr Btl","446","10","N,"N
"1490","Sauce Tahini Paste Pjr Jar","447","10","N,"N
"1491","Sauce Teriyaki Glaze Pjr Btl","452","10","N,"N
"1492","Sauce Teriyaki Pjr Gal","448","10","N,"N
"1493","Tomato Bruschetta Pjr Jar","1579","10","N,"N
"1494","Worcestershire [K] Pjr Gal","450","10","N,"N
"1495","Camp Cream Of Mushroom Can","454","10","N,"N
"1496","Soup Camp Tomato Vgn Pjr Can","456","10","N,"N
"1497","Soup Mix Onion Lipton Bag","455","10","N,"N
"1498","Garlic & Herb Saltfr Can","474","10","N,"N
"1499","Montreal Steak Seasoning Can","2734","10","N,"N
"1500","Pepper Black Shk Ground Can","505","10","N,"N
"1501","Spice Allspice Ground Can","461","10","N,"N
"1502","Spice Ancho Chili Powder","3975","10","N,"N
"1503","Spice Basil Leaves Can","465","10","N,"N
"1504","Spice Bay Leaves 2Ozcn","466","10","N,"N
"1505","Spice Black Peppercorn Pjr Can","3685","10","N,"N
"1506","Spice Cajun Blend Can","502","10","N,"N
"1507","Spice Caraway Seed Can","467","10","N,"N
"1508","Spice Caribbean Jerk Can","1603","10","N,"N
"1509","Spice Celery Salt Can","469","10","N,"N
"1510","Spice Celery Seed Can","470","10","N,"N
"1511","Spice Chili Powder Can","471","10","N,"N
"1512","Spice Chives Dried Can","481","10","N,"N
"1513","Spice Cinnamon Ground Can","472","10","N,"N
"1514","Spice Cinnamon Sticks Jar","2287","10","N,"N
"1515","Spice Cloves Ground Can","473","10","N,"N
"1516","Spice Coriander Ground Can","475","10","N,"N
"1517","Spice Cornstarch Box","527","10","N,"N
"1518","Spice Cream Of Tartar Pjr Can","476","10","N,"N
"1519","Spice Cumin Ground Can","477","10","N,"N
"1520","Spice Curry Powder Can","478","10","N,"N
"1521","Spice Dill Weed Can","480","10","N,"N
"1522","Spice Dry Mustard Can","482","10","N,"N
"1523","Spice Fennel Seed Whole Can","485","10","N,"N
"1524","Spice Garam Masala Ds Can","783","10","N,"N
"1525","Spice Garlic Salt Can","488","10","N,"N
"1526","Spice Ginger Ground Can","489","10","N,"N
"1527","Spice Granulated Garlic Can","487","10","N,"N
"1528","Spice Granulated Onion Can","498","10","N,"N
"1529","Spice Herbes De Provence Jar","3129","10","N,"N
"1530","Spice Kosher Salt Pjr","1235","10","N,"N
"1531","Spice Montreal Chicken Can","2319","10","N,"N
"1532","Spice Mrs Dash (Salt Free) Can","460","10","N,"N
"1533","Spice Mustard Spo Seed","3152","10","N,"N
"1534","Spice Nutmeg Can","496","10","N,"N
"1535","Spice Old Bay Seasoning Lb","2602","10","N,"N
"1536","Spice Oregano Leaves Can","501","10","N,"N
"1537","Spice Paprika Can","503","10","N,"N
"1538","Spice Paprika Smoked Jar","1187","10","N,"N
"1539","Spice Parsley Flakes Can","504","10","N,"N
"1540","Spice Pepper Black W/Spout","1268","10","N,"N
"1541","Spice Pepper Cayenne Can","507","10","N,"N
"1542","Spice Pepper Red Crushed Can","508","10","N,"N
"1543","Spice Pepper White Can","509","10","N,"N
"1544","Spice Pickling Lb","2520","10","N,"N
"1545","Spice Poppyseed Can","510","10","N,"N
"1546","Spice Poultry Seasoning Can","25","10","N,"N
"1547","Spice Rosemary Leaves Can","512","10","N,"N
"1548","Spice Rotisserie Pjr Jar","2714","10","N,"N
"1549","Spice Sage Ground Can","513","10","N,"N
"1550","Spice Salt Can","516","10","N,"N
"1551","Spice Salt Seasoned","2584","10","N,"N
"1552","Spice Seasoning Italian Can","517","10","N,"N
"1553","Spice Sesame Seeds Can","518","10","N,"N
"1554","Spice Spo Adobo Pepper Jar","767","10","N,"N
"1555","Spice Spo Adobo Plain Jar","768","10","N,"N
"1556","Spice Spo Cardamon Cont","3718","10","N,"N
"1557","Spice Spo Cloves Whole Pjr Can","3539","10","N,"N
"1558","Spice Spo Lemon Pepper Sf Can","491","10","N,"N
"1559","Spice Spo Marjoram Ground Can","494","10","N,"N
"1560","Spice Taco Seasoning Mix Pjr","1822","10","N,"N
"1561","Spice Tarragon Leaves Can","520","10","N,"N
"1562","Spice Thyme Ground Can","521","10","N,"N
"1563","Spice Turmeric Ground Can","523","10","N,"N
"1564","Spo Spice Sazon Drop Ship Box","522","10","N,"N
"1565","Spo Spice Sofrito Jar","511","10","N,"N
"1566","Thyme Leaves Whole Pjr Jar","367","10","N,"N
"1567","Con Sugar Equal Packets","611","10","N,"N
"1568","Con Sugar PcS","596","10","N,"N
"1569","Sugar Brown Boxs Pjr Pkg","592","10","N,"N
"1570","Sugar Confectionary 2# Bags","2511","10","N,"N
"1571","Sugar Granulated 50# Bulk Pjr","595","10","N,"N
"1572","Sugar Lr Organic Lb","4144","10","N,"N
"1573","Sweetener Shape - Splenda","3546","10","N,"N
"1574","Sweetener Sweet & Low","597","10","N,"N
"1575","Syrup Chocolate Hershey","1466","10","N,"N
"1576","Syrup Corn Pjr Gal","546","10","N,"N
"1577","Syrup Maple Grade B Local","846","10","N,"N
"1578","Syrup Orchard Maple 15%","1597","10","N,"N
"1579","Lr Tofu Firm Bulk 25 Lb Vgn Lb","3294","10","N,"N
"1580","Topping Caramel Can","550","10","N,"N
"1581","Topping Hot Fudge Pjr Can","551","10","N,"N
"1582","Extract Vanilla Imitation Gal","526","10","N,"N
"1583","Con Balsamic Vinegar Bulk 5Lt","1863","10","N,"N
"1584","Con Vinegar Balsamic Btl","121","10","N,"N
"1585","Con Vinegar Cider Gal","349","10","N,"N
"1586","Con Vinegar Red Wine Pjr Gal","350","10","N,"N
"1587","Con Vinegar White Gal","351","10","N,"N
"1588","Vinegar Rice Unseasoned Gal","2534","10","N,"N
"1589","Vinegar White Balsamic 5Ltr","2374","10","N,"N
"1590","Lr Seitan Bulk 10 Lb Lb","3295","10","N,"N
"1591","Base Beef Custom Gold Pjr","47","10","N,"N
"1592","Beef Burger 3 Oz Frzn Pjr","2805","10","N,"N
"1593","Beef Chuck Teres Major Pjr","3806","10","N,"N
"1594","Beef Corned Beef Hash Pjr Can","29","10","N,"N
"1595","Beef Corned Ckd Pjr Lb","5","10","N,"N
"1596","Beef Cushion Cut 3/4"" Pjr Lb","26","10","N,"N
"1597","Beef Ground Bulk Namp 136 Pjr","7","10","N,"N
"1598","Beef Pepperoni Sliced Pjr Lb","17","10","N,"N
"1599","Beef Roast Beef Shaved 5#Pkg","9216","10","N,"N
"1600","Beef Spo Hot Dog 8 X 1 Lb","27","10","N,"N
"1601","Beef Spo Strip Loin","353","10","N,"N
"1602","Beef Strip Loin Pjr Lb","1850","10","N,"N
"1603","Beef/Pork Salami Sliced","9217","10","N,"N
"1604","Lr Beef Burgers 4 0Z Pjr","230","10","N,"N
"1605","Lr Beef Chuck Rls N/Off Pjr Lb","370","10","N,"N
"1606","Lr Beef Ground Bulk Pjr 1","255","10","N,"N
"1607","Lr Beef Spo Pastrami Pjr Lb","807","10","N,"N
"1608","Lr Beef Top Round Xt Pjr Lb","399","10","N,"N
"1609","Pork/Beef Meatball 1/2 Oz Ckd","1486","10","N,"N
"1610","Base Chicken Custom Gold Pjr","46","10","N,"N
"1611","Chicken 1/2"" Dcd Pjr","1565","10","N,"N
"1612","Chicken 4Oz Bnls Coleman Pjr","51","10","N,"N
"1613","Chicken Pieces Random Halal","2413","10","N,"N
"1614","Chicken Roasted Breast Strips","1701","10","N,"N
"1615","Chicken Thigh Boneless Pjr","3199","10","N,"N
"1616","Chicken Wings Precooked 10Lb","71","10","N,"N
"1617","Gf Chicken Coleman Brd Strip","4285","10","N,"N
"1618","Lr Chicken Brlr Thigh Pjr Lb","205","10","N,"N
"1619","Lr Chicken Thigh Bnls Pjr Lb","207","10","N,"N
"1620","Lr Chicken Whole Pjr Lb","566","10","N,"N
"1621","Thigh Smoked Pjr Lb","821","10","N,"N
"1622","Egg Fresh In Shell 30 Dz Pjr","173","10","N,"N
"1623","Egg Replacer","3194","10","N,"N
"1624","Egg Table Ready Pjr","1601","10","N,"N
"1625","Egg Whites Refrigerated","2941","10","N,"N
"1626","Lr Eggs Fresh Shell Cage Free","1555","10","N,"N
"1627","Lr Pro Eggs Brown Large","3300","10","N,"N
"1628","Lamb Ground Pjr","280","10","N,"N
"1629","Bacon Strips Apple Sm","89","10","N,"N
"1630","Base Pork Pjr","2591","10","N,"N
"1631","Ham Apple Smoked Pjr Lb","431","10","N,"N
"1632","Ham Shaved 5#Pkg","9214","10","N,"N
"1633","Lr Pork & Chix Kielbasa Pjr","561","10","N,"N
"1634","Lr Pork Bacon Apple Smoked Pjr","415","10","N,"N
"1635","Lr Pork Loin Cntr Cut Pjr Lb","514","10","N,"N
"1636","Lr Pork Shoulder Picnic Pjr Lb","563","10","N,"N
"1637","Lr Pork Spo Bacon Fs Pack Pjr","418","10","N,"N
"1638","Lr Pork Spo Ital Saus Raw Pjr","19","10","N,"N
"1639","Lr Pork Spo Sausage Italian Lb","853","10","N,"N
"1640","Lr Pork Spo Yankee Little Link","804","10","N,"N
"1641","Pepperoni Sliced 2#Pkg Pjr","9218","10","N,"N
"1642","Pork Bacon Crumbles 3/8""","87","10","N,"N
"1643","Pork Bacon Quick Finish Pjr","1006","10","N,"N
"1644","Pork Bratwurst 4/Lb Pjr","2987","10","N,"N
"1645","Pork Bratwurst Guinness","4095","10","N,"N
"1646","Pork Capicola Pjr Lb","1259","10","N,"N
"1647","Pork Ham Canadian Pjr Lb","88","10","N,"N
"1648","Pork Ham Honey Baked Pjr","2432","10","N,"N
"1649","Pork Ham New England Pjr Lb","438","10","N,"N
"1650","Pork Ham Virginia Pjr Lb","95","10","N,"N
"1651","Pork Ital Saus Swt Bulk Pjr","107","10","N,"N
"1652","Pork Ital Saus Swt Link Pjr","104","10","N,"N
"1653","Pork Loin Roast Pjr Lb","99","10","N,"N
"1654","Pork Pulled Cooked Pjr","2357","10","N,"N
"1655","Pork Rib Baby Back Pjr Lb","115","10","N,"N
"1656","Pork Rib Spare 3 Pc Pjr Lb","3973","10","N,"N
"1657","Pork Sausage Andouille Lb","524","10","N,"N
"1658","Pork Sausage Andouille Pjr Lb","81","10","N,"N
"1659","Pork Sausage Chorizo Pjr","91","10","N,"N
"1660","Pork Sausage Links Prckd Pjr","1920","10","N,"N
"1661","Pork Sausage Patty Ckd Pjr","106","10","N,"N
"1662","Pork Smokey Maple Link Pjr Lb","786","10","N,"N
"1663","Pork Spo Canadian Bacon","429","10","N,"N
"1664","Base Clam Spo Pjr","432","10","N,"N
"1665","Base Seafood Pjr","2318","10","N,"N
"1666","Batter Mix Fish & Chicken Bag","274","10","N,"N
"1667","Fish Catfish Filets Pjr","2317","10","N,"N
"1668","Fish Clams Minced Frzn Pjr","123","10","N,"N
"1669","Fish Cod Btrd Raw Eng Pub Pjr","3793","10","N,"N
"1670","Fish Cod Lemon Pepper Pjr","145","10","N,"N
"1671","Fish Cod Loin 4 Oz Pjr","127","10","N,"N
"1672","Fish Crab Imitation Pjr 1/2Cs","136","10","N,"N
"1673","Fish Pang 2 Oz Ale Hse Pjr","1792","10","N,"N
"1674","Fish Pang 4 Oz South Style Pjr","4336","10","N,"N
"1675","Fish Pangasius Filet 3-5Oz","612","10","N,"N
"1676","Fish Pollack Floren Brd Pjr","806","10","N,"N
"1677","Fish Pollock Loin Pjr","165","10","N,"N
"1678","Fish Redfish Blazin Pjr","149","10","N,"N
"1679","Fish Salmon 4 Oz Skin-On Pjr","1797","10","N,"N
"1680","Fish Salmon Burgers 3.2 Oz","134","10","N,"N
"1681","Fish Scallops 40/60 Ct Pjr","135","10","N,"N
"1682","Fish Shrimp","575","10","N,"N
"1683","Fish Shrimp Cold Water Salad","1095","10","N,"N
"1684","Fish Sole Filet Pjr","140","10","N,"N
"1685","Fish Swordfish 8 Oz Pjr","142","10","N,"N
"1686","Fish Tilapia 3-5 0Z Iqf Pjr","2804","10","N,"N
"1687","Fish Tuna Pouch Pack Pjr Pouch","143","10","N,"N
"1688","Fish Tuna Steak 4 Oz Pjr","1023","10","N,"N
"1689","Lr Fish Clams In Shell Fresh","4220","10","N,"N
"1690","Lr Fish Haddock Fresh","4221","10","N,"N
"1691","Lr Fish Scallops Sea Fresh","4222","10","N,"N
"1692","Lr Kombu Seaweed Each","2291","10","N,"N
"1693","Base Turkey Pjr","2070","10","N,"N
"1694","Lr Turkey Ground Bulk Pjr","405","10","N,"N
"1695","Turkey Breast Roast Brn Log","77","10","N,"N
"1696","Turkey Breast Roast Raw Pjr Lb","76","10","N,"N
"1697","Turkey Ground Pjr","1279","10","N,"N
"1698","Turkey Pulled White Pjr","2069","10","N,"N
"1699","Turkey Sausage Links Pjr","82","10","N,"N
"1700","Turkey Shaved 5#Pkg","9213","10","N,"N
"1701","Turkey Smoked Shaved 5#Pkg","9215","10","N,"N
"1702","Turkey Spo Breast Roast","2559","10","N,"N
"1703","Southwest Burger Organic","3509","10","N,"N
"1704","Veg Burger Spo Boca All Amer","996","10","N,"N
"1705","Veg Soy Spo Sausage Crumbles","1277","10","N,"N
"1706","Vgn Beef Veggie Strips Pjr","4370","10","N,"N
"1707","Vgn Burger Black Bean Pjr","1461","10","N,"N
"1708","Vgn Burgers Dr Praegers Pjr","879","10","N,"N
"1709","Vgn Chicken Veggie Strips Pjr","4371","10","N,"N
"1710","Vgn Malibu Burger Organic Pjr","576","10","N,"N
"1711","Vgn Spo Vegan Diced Chicken","1007","10","N,"N
"1712","Vgn Vegan Burger Crumbles","1769","10","N,"N
"1713","Vgn Vegan Cutlet Brd Pjr","2916","10","N,"N
"1714","Vgn Vegan Sesame Nugget Pjr","2838","10","N,"N
"1715","Vg Artichoke Hearts Pjr Can","634","10","N,"N
"1716","Pro Baby Arugula","3653","10","N,"N
"1717","Pro Lr Asparagus Local","4155","10","N,"N
"1718","Vgf Asparagus Cuts & Tips Frz","2023","10","N,"N
"1719","Con Guacamole Frozen Pjr","338","10","N,"N
"1720","Herb Basil Fresh 4 Oz Bunch","1037","10","N,"N
"1721","Pro Herb Basil Fresh Lb","3361","10","N,"N
"1722","Vg Bean Sprouts Pjr","636","10","N,"N
"1723","Hummus Original Pjr","1687","10","N,"N
"1724","Hummus Roasted Garlic Pjr","1730","10","N,"N
"1725","Hummus Roasted Red Pepper Pjr","1731","10","N,"N
"1726","Kosher Veg Baked Beans Can","675","10","N,"N
"1727","Lr Beans Jacobs Cattle Dry","1322","10","N,"N
"1728","Lr Beans Soldier Dry (Unfi)","1305","10","N,"N
"1729","Pro Lr Beans Grn Whole Unsnip","1566","10","N,"N
"1730","Pro Pc Beans Green Snipped","1606","10","N,"N
"1731","Vg Beans Black Pjr Can","1753","10","N,"N
"1732","Vg Beans Great Northern","1966","10","N,"N
"1733","Vg Beans Pinto Cnd Pjr Cans","667","10","N,"N
"1734","Vg Beans Red Kidney Dark Can","692","10","N,"N
"1735","Vg Beans Refried Pjr Bags","694","10","N,"N
"1736","Vg Cannelini Beans Cans","1396","10","N,"N
"1737","Vg Chickpea Beans Pjr Can","644","10","N,"N
"1738","Vgf Beans French Cut Frz Pjr","716","10","N,"N
"1739","Vgf Beans Green Cut Frz Pjr","718","10","N,"N
"1740","Vgf Beans Green Whole Frz Pjr","2593","10","N,"N
"1741","Vgf Beans Italian Cut Frz Pjr","717","10","N,"N
"1742","Beets Fresh With Tops","946","10","N,"N
"1743","Vg Kosher Beets Sliced Can","662","10","N,"N
"1744","Pro Bok Choy Split Or Cs Head","2391","10","N,"N
"1745","Pro Broccoli Crowns","3127","10","N,"N
"1746","Pro Broccoli Florets Case","2017","10","N,"N
"1747","Pro Broccoli Slaw","3981","10","N,"N
"1748","Pro Broccoli Whole Case","904","10","N,"N
"1749","Vgf Broccoli Cuts Frz Pjr","293","10","N,"N
"1750","Vgf Broccoli Florets Frz Pjr","2227","10","N,"N
"1751","Vgf Brussel Sprouts Frz Pjr","722","10","N,"N
"1752","Pro Cabbage Green 3Ct Ea","906","10","N,"N
"1753","Pro Cabbage Hds 50 Lb Bg","1762","10","N,"N
"1754","Pro Cabbage Red 40# Crate Lb","4172","10","N,"N
"1755","Pro Cabbage Red Lb","905","10","N,"N
"1756","Pro Pc Cabbage Red Shredded","1613","10","N,"N
"1757","Pro Pc Cabbage Shredded Bag","1611","10","N,"N
"1758","Capers Quart","1170","10","N,"N
"1759","Pro Carrots Baby 5# Bag","2732","10","N,"N
"1760","Pro Carrots Baby Case","1665","10","N,"N
"1761","Pro Carrots Jumbo Pld Reg Grn","2364","10","N,"N
"1762","Pro Carrots Whole Bag","1616","10","N,"N
"1763","Pro Carrots Whole Lb","2392","10","N,"N
"1764","Pro Pc Carrot Chips","1618","10","N,"N
"1765","Pro Pc Carrots 1/2"" Diced","1759","10","N,"N
"1766","Pro Pc Carrots Shredded","1617","10","N,"N
"1767","Vgf Carrots Baby Frz Pjr","724","10","N,"N
"1768","Vgf Carrots Sliced Frz Pjr Box","725","10","N,"N
"1769","Pro Cauliflower","1441","10","N,"N
"1770","Pro Cauliflower Case Lb","909","10","N,"N
"1771","Pro Pc Cauliflorettes Buds Bag","1620","10","N,"N
"1772","Vgf Cauliflower Frz Pjr","727","10","N,"N
"1773","Celery Whole Bunch By 3 Ct","2386","10","N,"N
"1774","Pro Celery Root (Knob) 1/2","1563","10","N,"N
"1775","Pro Celery Whole Case","910","10","N,"N
"1776","Pro Pc Celery 1/2"" Diced","1772","10","N,"N
"1777","Pro Pc Celery Diced 1/4"" Bag","1621","10","N,"N
"1778","Pro Swiss Chard Green","1446","10","N,"N
"1779","Pro Chives Fresh 1/4 Lb","1173","10","N,"N
"1780","Pro Cilantro Fresh 1 Lb Bunch","2465","10","N,"N
"1781","Pro Corn Fresh In Husks","307","10","N,"N
"1782","Pro Pc Corn Fresh Shucked","1460","10","N,"N
"1783","Vg Corn Baby Cnd Pjr Can","638","10","N,"N
"1784","Vg Corn Cr Style Cnd Pjr Can","639","10","N,"N
"1785","Vgf Corn & Pepper Blend Pjr","311","10","N,"N
"1786","Vgf Corn Frz Pjr","728","10","N,"N
"1787","Vgf Spo Corn Nuggets Battered","936","10","N,"N
"1788","Pro Cucumbers Case","911","10","N,"N
"1789","Pro Herb Dill 4 Oz Pkg Bunch","950","10","N,"N
"1790","Lr Vgn Edamame Shelled Organic","2704","10","N,"N
"1791","Pro Eggplant Split Or Cs Lb","951","10","N,"N
"1792","Vgf Eggplant Naples Brd Frz","732","10","N,"N
"1793","Vgf Eggplant Round Brd Frz Pjr","731","10","N,"N
"1794","Pro Fennel Bulb 6 Ct Each","1669","10","N,"N
"1795","Pro Garlic Fresh 5 Lb","954","10","N,"N
"1796","Pro Garlic Peeled By Jar","92","10","N,"N
"1797","Spice Garlic Chopped Quart","486","10","N,"N
"1798","Pro Ginger Root 2 Lb Lb","1448","10","N,"N
"1799","Vg Jalapenos Sliced Pjr Can","648","10","N,"N
"1800","Pro Blend Kale Vegetable Case","1052","10","N,"N
"1801","Pro Kale Green Case","916","10","N,"N
"1802","Pro Kale Shredded","1740","10","N,"N
"1803","Pro Red Kale Flowering Case","276","10","N,"N
"1804","Pro Leeks 3 Ct Bunch","1861","10","N,"N
"1805","Vg Lentils Dry Pjr Lb","383","10","N,"N
"1806","Pro Lettuce Green Leaf Case","1680","10","N,"N
"1807","Pro Pc Lettuce Gr Leaf Cut","2457","10","N,"N
"1808","Pro Pc Lettuce Shredded 5","960","10","N,"N
"1809","Pro Pc Lettuce Shredded Case","3114","10","N,"N
"1810","Pro Pc Romaine Cut","2359","10","N,"N
"1811","Pro Lr Mesculin Mix Og","1249","10","N,"N
"1812","Pro Mint 4 Oz Pkg 4Ozpk","984","10","N,"N
"1813","Base Spo Mushroom","2204","10","N,"N
"1814","Pro Button Mushroom","4171","10","N,"N
"1815","Pro Mushrooms Crimini","3297","10","N,"N
"1816","Pro Mushrooms Medium Case","919","10","N,"N
"1817","Pro Mushrooms Portabella","2309","10","N,"N
"1818","Pro Mushrooms Shiitake","3207","10","N,"N
"1819","Pro Pc Mushroom Sl 10# Cs","9","10","N,"N
"1820","Vg Mushrooms Stems & Pieces","640","10","N,"N
"1821","Vgf Mushrooms Brd Frz Pjr Hfcs","736","10","N,"N
"1822","Olives Black Sliced","376","10","N,"N
"1823","Olives Calamata Pitted","3026","10","N,"N
"1824","Olives Ripe Pitted","375","10","N,"N
"1825","Olives Stuffed Manzanilla Gal","377","10","N,"N
"1826","Onion Red Whole 5Lb Split Pk","2390","10","N,"N
"1827","Pro Lr Onion Large Native Bag","1183","10","N,"N
"1828","Pro Onions Red Whole 25#","966","10","N,"N
"1829","Pro Onions Small Reg Grn","2351","10","N,"N
"1830","Pro Onions Spanish 50#","1558","10","N,"N
"1831","Pro Pc Onion Red Diced 1/4""","1798","10","N,"N
"1832","Pro Pc Onions 1/2"" Diced","1771","10","N,"N
"1833","Pro Pc Onions 1/4"" Diced","1630","10","N,"N
"1834","Pro Pc Onions 1/8"" Sliced","1631","10","N,"N
"1835","Pro Pc Onions Red Sliced","1633","10","N,"N
"1836","Vg Onions Spo Fried Cnd Bag","642","10","N,"N
"1837","Vg Sauerkraut Pjr Tub","656","10","N,"N
"1838","Vgf Onion Rings Battered Frz","738","10","N,"N
"1839","Vgf Onion Rings Breaded Pjr","2681","10","N,"N
"1840","Vgf Pearl Onions Frz Pjr","737","10","N,"N
"1841","Pro Oregano Fresh Bunch Bunch","1028","10","N,"N
"1842","Pro Parsley Bunch 12 Ct Bunch","969","10","N,"N
"1843","Pro Parsley Italian 6 Ct Bunch","3801","10","N,"N
"1844","Pro Lr Parsnips 20 Lb Bulk","2724","10","N,"N
"1845","Pro Parsnips 5 Lb Lb","1559","10","N,"N
"1846","Pro Snow Peas","992","10","N,"N
"1847","Vg Peas Split Green Dry Pjr","531","10","N,"N
"1848","Vgf Peas Frz Pjr","741","10","N,"N
"1849","Vgf Sugar Snap Peas Frz Pjr","743","10","N,"N
"1850","Peppers Yellow Split Pack Lb","3047","10","N,"N
"1851","Pro Habanero Chili Pepper Hfcs","742","10","N,"N
"1852","Pro Pepper Jalapeno Fresh 5 Lb","3974","10","N,"N
"1853","Pro Peppers Green Med Cs","928","10","N,"N
"1854","Pro Peppers Red Case","929","10","N,"N
"1855","Pro Peppers Serrano 5 # Lb","2815","10","N,"N
"1856","Vg Pepperoncini Pjr Gal","651","10","N,"N
"1857","Vg Peppers Banana Ring Hot","1592","10","N,"N
"1858","Vg Peppers Diced Red Pjr Can","649","10","N,"N
"1859","Vg Peppers Rstd Deli Cut Pjr","650","10","N,"N
"1860","Pickles Dill Chips Gal","378","10","N,"N
"1861","Pickles Heinz Spears Can","2408","10","N,"N
"1862","Pickles Spo Mix Sweet Gal","346","10","N,"N
"1863","App Samosa Potato & Peas Vgn","1825","10","N,"N
"1864","Diced Sweet Potatoes 5Lb","3684","10","N,"N
"1865","Potato Battered Baby Jojo Pjr","2396","10","N,"N
"1866","Potato Chip Nat Fry 1/8"" Pjr","4385","10","N,"N
"1867","Potato Crinkle Cut Fries Pjr","749","10","N,"N
"1868","Potato Curly Fries Pjr","747","10","N,"N
"1869","Potato Fries Shoestring Pjr","479","10","N,"N
"1870","Potato Fries Spicy Crs Trx Pjr","770","10","N,"N
"1871","Potato Fries Sweet Potato","2481","10","N,"N
"1872","Potato Hash Brown Shred Pjr","2735","10","N,"N
"1873","Potato Pancakes Mini Pjr","1605","10","N,"N
"1874","Potato Phantom Fries Pjr","3490","10","N,"N
"1875","Potato Skin Boats Pjr 1/2Cs","832","10","N,"N
"1876","Potato Spo Sweet Potato Chip","4397","10","N,"N
"1877","Potato Straight Cut Fries Pjr","1806","10","N,"N
"1878","Potato Tater Tots Pjr","754","10","N,"N
"1879","Potato Yukon Gold Organic","2876","10","N,"N
"1880","Pro Lr Potato Russett Organic","2870","10","N,"N
"1881","Pro Pc Potato Quartered & Pld","1831","10","N,"N
"1882","Pro Pc Potato Red Quartered","1832","10","N,"N
"1883","Pro Potato 3/4"" Diced Precook","933","10","N,"N
"1884","Pro Potato Baking 100 Ct","1707","10","N,"N
"1885","Pro Potato Red 5Lb","2409","10","N,"N
"1886","Pro Potato Red Diced 3/4"" Ckd","1699","10","N,"N
"1887","Pro Potato Red Organic Reg Grn","2334","10","N,"N
"1888","Pro Potato Red Petite","934","10","N,"N
"1889","Pro Potato Slcd Preckd","1830","10","N,"N
"1890","Pro Potato Whole Pld Pail","932","10","N,"N
"1891","Pro Potatoes Yukon Gold Bag","20","10","N,"N
"1892","Pro Sweet Potato 10 Lb Lb 1","971","10","N,"N
"1893","Pro Sweet Potato 40 Lb","1577","10","N,"N
"1894","Pro Pumpkin Medium Each","1774","10","N,"N
"1895","Pumpkin Sugar By 12 Ct Cs","3858","10","N,"N
"1896","Pro Radishes 5 Lb Pkg","1569","10","N,"N
"1897","Herb Rosemary 4 Oz","2240","10","N,"N
"1898","Pro Herb Sage 4 Oz Bunch 4Ozpk","3954","10","N,"N
"1899","Bulgar Garbanzo Cucumber","9503","10","N,"N
"1900","Pro Salad Coleslaw Mix","995","10","N,"N
"1901","Pro Salad Tabouli Vgn","1693","10","N,"N
"1902","Salad Asian Grain Wk4 Cpk","9510","10","N,"N
"1903","Salad Barley Mandarin Wk2 Cpk","9504","10","N,"N
"1904","Salad Black And Tan Wk 4Cpk","9509","10","N,"N
"1905","Salad Bulgur And Arugula","9511","10","N,"N
"1906","Salad Curried Three Bean Wk2","9505","10","N,"N
"1907","Salad Farro And Arrugula Wk3","9507","10","N,"N
"1908","Salad Fowler Fruit Mix Pail","1695","10","N,"N
"1909","Salad Greek Four Bean Wk3 Cpk","9508","10","N,"N
"1910","Salad Lemony Couscous Wk1 Cpk","9502","10","N,"N
"1911","Salad Mediterranean Lentil","9500","10","N,"N
"1912","Salad Quinoa Edamame Wk3 Cpk","9506","10","N,"N
"1913","Salad Wheat Berry Craisin","9501","10","N,"N
"1914","Pro Scallions 2","1578","10","N,"N
"1915","Pro Shallots 5 Lb","2666","10","N,"N
"1916","Shallots Fresh Peeled Pjr","3659","10","N,"N
"1917","Lr Miso Red Lb","2198","10","N,"N
"1918","Lr Miso White Lb","2285","10","N,"N
"1919","Vgn Tofu Extra Firm Moonrose","2241","10","N,"N
"1920","Vgn Tofu Pups Pkg","1443","10","N,"N
"1921","Pro Lr Spinach Baby Og","1250","10","N,"N
"1922","Pro Spinach 2.5 Lb Bulk 2.5Bg","1643","10","N,"N
"1923","Pro Spinach Bulk 8 Lb","3130","10","N,"N
"1924","Spinach Mixed Heirloom Case","4137","10","N,"N
"1925","Vgf Spinach Chopped Frz Pjr","758","10","N,"N
"1926","Vgf Spinach Leaf Frz Pjr","1602","10","N,"N
"1927","Pro Brussel Sprouts","2362","10","N,"N
"1928","Pro Sprouts Alfalfa Cs Pkg","937","10","N,"N
"1929","Pro Sprouts Bean","973","10","N,"N
"1930","Sprouts Alfalfa 3 Pk/Split","2183","10","N,"N
"1931","Pro Lr Squash Butternut Pld","3774","10","N,"N
"1932","Pro Lr Squash Spaghetti Case","1234","10","N,"N
"1933","Pro Pc Squash Acorn Hlvd","1706","10","N,"N
"1934","Pro Pc Squash Butternut Dcd","1645","10","N,"N
"1935","Pro Squash Green Zucchini Case","1381","10","N,"N
"1936","Pro Squash Yellow Summer Case","1361","10","N,"N
"1937","Pro Squash Zucchini 5Lb Lb","1572","10","N,"N
"1938","Squash Yellow Summer 5Lb Lb","1571","10","N,"N
"1939","Con Sunflower Seeds Pjr Box","348","10","N,"N
"1940","Pro Herb Thyme Fresh","1154","10","N,"N
"1941","Pro Lr Tomatoes Hot House","1656","10","N,"N
"1942","Pro Pc Tomatos Diced","208","10","N,"N
"1943","Pro Tomatillo","4156","10","N,"N
"1944","Pro Tomatoes 5X6","941","10","N,"N
"1945","Pro Tomatoes Grape","3147","10","N,"N
"1946","Pro Tomatoes Grape Bulk","2552","10","N,"N
"1947","Pro Tomatoes Native Local","1252","10","N,"N
"1948","Pro Tomatoes Plum/Roma 5Lb","4163","10","N,"N
"1949","Pro Tomatoes Plum/Roma Case","1987","10","N,"N
"1950","Vg Kosher Tomatoes Crushed","657","10","N,"N
"1951","Vg Tomato Diced Canned Pjr Can","2597","10","N,"N
"1952","Vg Tomato Filets Pjr Can","2234","10","N,"N
"1953","Vg Tomato Paste Pjr Can","658","10","N,"N
"1954","Vg Tomato Puree Pjr Can","659","10","N,"N
"1955","Vg Tomatoes Crushed","689","10","N,"N
"1956","Vg Tomatoes Sun-Dried Julienne","994","10","N,"N
"1957","Pro Pc Turnip Yellow 1/2"" Dcd","608","10","N,"N
"1958","Pro Turnip White Whole","3117","10","N,"N
"1959","Turnip Yellow Whole 10 Lb Lb","1573","10","N,"N
"1960","Vgf Bahama Veg Blend Frz Pjr","2767","10","N,"N
"1961","Vgf California Gold Veg Blend","3201","10","N,"N
"1962","Vgf Peas And Carrots Frz Pjr","1689","10","N,"N
"1963","Vg Water Chestnuts Pjr Can","661","10","N,"N
"1964","Yams Cut Extra Fancy Pjr Can","655","10","N,"N
"1965","Vgf Zucchini Sliced Frz Pjr","753","10","N,"N
